Winkel;Tool;J1;J2;J3;J4;J5;J6
0;T1;-73.0984;43.192;-0.0478926;11.8638;90.5787;12.2476
1;T1;-72.8505;43.257;-0.174915;11.3437;90.7499;11.7222
2;T1;-72.6018;43.3168;-0.292416;10.8232;90.9121;11.1945
3;T1;-72.3523;43.3714;-0.400303;10.3022;91.0651;10.6646
4;T1;-72.1021;43.4207;-0.498499;9.78079;91.2089;10.1326
5;T1;-71.8513;43.4647;-0.586945;9.25892;91.3435;9.59857
6;T1;-71.5999;43.5034;-0.665568;8.73661;91.4687;9.06267
7;T1;-71.3479;43.5368;-0.734313;8.21385;91.5846;8.52502
8;T1;-71.0954;43.5648;-0.793132;7.69066;91.691;7.98575
9;T1;-70.8425;43.5874;-0.841965;7.16703;91.788;7.44497
10;T1;-70.5892;43.6045;-0.880794;6.64299;91.8754;6.90282
11;T1;-70.3356;43.6163;-0.909559;6.11852;91.9533;6.35942
12;T1;-70.0817;43.6226;-0.928248;5.59366;92.0215;5.81491
13;T1;-69.8275;43.6235;-0.93683;5.0684;92.0802;5.26941
14;T1;-69.5732;43.6189;-0.935292;4.54276;92.1291;4.72306
15;T1;-69.3189;43.6088;-0.923618;4.01676;92.1684;4.176
16;T1;-69.0644;43.5933;-0.901813;3.49041;92.198;3.62835
17;T1;-68.8099;43.5723;-0.86987;2.96372;92.2179;3.08026
18;T1;-68.5555;43.5459;-0.827813;2.43671;92.2281;2.53186
19;T1;-68.3012;43.514;-0.775634;1.9094;92.2286;1.98329
20;T1;-68.0471;43.4767;-0.713367;1.38179;92.2194;1.43468
21;T1;-67.7932;43.434;-0.641037;0.853918;92.2005;0.886172
22;T1;-67.5396;43.3858;-0.558681;0.325779;92.1719;0.337897
23;T1;-67.2863;43.3323;-0.466328;-0.202596;92.1336;-0.21
24;T1;-67.0334;43.2734;-0.364042;-0.731203;92.0858;-0.757393
25;T1;-66.781;43.2092;-0.251854;-1.26003;92.0283;-1.30415
26;T1;-66.529;43.1396;-0.129829;-1.78905;91.9613;-1.85013
27;T1;-66.2777;43.0648;0.00197231;-2.31827;91.8848;-2.39521
28;T1;-66.0269;42.9847;0.143475;-2.84767;91.7988;-2.93925
29;T1;-65.7768;42.8994;0.29461;-3.37725;91.7033;-3.48213
30;T1;-65.5275;42.8089;0.455305;-3.90699;91.5985;-4.02373
31;T1;-65.2789;42.7133;0.625465;-4.43688;91.4844;-4.56391
32;T1;-65.0312;42.6126;0.805007;-4.96693;91.361;-5.10256
33;T1;-64.7844;42.5068;0.993842;-5.49714;91.2285;-5.63955
34;T1;-64.5385;42.396;1.19185;-6.0275;91.0868;-6.17478
35;T1;-64.2937;42.2802;1.39896;-6.55802;90.9361;-6.70812
36;T1;-64.0499;42.1595;1.61504;-7.0887;90.7765;-7.23947
37;T1;-63.8073;42.034;1.83999;-7.61954;90.608;-7.76871
38;T1;-63.5659;41.9036;2.0737;-8.15055;90.4306;-8.29574
39;T1;-63.3257;41.7685;2.31603;-8.68176;90.2446;-8.82045
40;T1;-63.0868;41.6287;2.56688;-9.21316;90.05;-9.34274
41;T1;-62.8493;41.4842;2.82612;-9.74478;89.8468;-9.86253
42;T1;-62.6132;41.3352;3.09362;-10.2766;89.6352;-10.3797
43;T1;-62.3786;41.1816;3.36924;-10.8088;89.4153;-10.8942
44;T1;-62.1455;41.0236;3.65285;-11.3412;89.1872;-11.4059
45;T1;-61.9141;40.8612;3.94433;-11.8739;88.951;-11.9147
46;T1;-61.6842;40.6944;4.24352;-12.4069;88.7067;-12.4206
47;T1;-61.4562;40.5234;4.55028;-12.9404;88.4545;-12.9234
48;T1;-61.2299;40.3482;4.86448;-13.4742;88.1946;-13.4232
49;T1;-61.0054;40.1688;5.18597;-14.0085;87.9269;-13.9197
50;T1;-60.7828;39.9854;5.5146;-14.5433;87.6517;-14.413
51;T1;-60.5622;39.7979;5.85022;-15.0786;87.3689;-14.903
52;T1;-60.3436;39.6065;6.19268;-15.6145;87.0789;-15.3897
53;T1;-60.127;39.4113;6.54184;-16.151;86.7816;-15.8729
54;T1;-59.9127;39.2123;6.89754;-16.6882;86.4771;-16.3526
55;T1;-59.7005;39.0095;7.25962;-17.2262;86.1657;-16.8288
56;T1;-59.4906;38.8031;7.62795;-17.765;85.8473;-17.3014
57;T1;-59.283;38.5931;8.00234;-18.3046;85.5222;-17.7704
58;T1;-59.0778;38.3795;8.38268;-18.8452;85.1904;-18.2357
59;T1;-58.875;38.1626;8.76877;-19.3868;84.852;-18.6972
60;T1;-58.6748;37.9422;9.16048;-19.9294;84.5072;-19.1551
61;T1;-58.4772;37.7186;9.55766;-20.4732;84.156;-19.6091
62;T1;-58.2822;37.4917;9.96013;-21.0182;83.7987;-20.0593
63;T1;-58.0899;37.2616;10.3678;-21.5644;83.4352;-20.5056
64;T1;-57.9004;37.0285;10.7804;-22.1121;83.0658;-20.948
65;T1;-57.7138;36.7924;11.1978;-22.6612;82.6905;-21.3866
66;T1;-57.53;36.5533;11.6199;-23.2119;82.3094;-21.8212
67;T1;-57.3493;36.3113;12.0466;-23.7642;81.9227;-22.2518
68;T1;-57.1716;36.0665;12.4776;-24.3182;81.5304;-22.6785
69;T1;-56.9971;35.819;12.9128;-24.874;81.1327;-23.1011
70;T1;-56.8257;35.5689;13.3521;-25.4318;80.7296;-23.5198
71;T1;-56.6576;35.3161;13.7953;-25.9916;80.3213;-23.9344
72;T1;-56.4929;35.0609;14.2422;-26.5534;79.9079;-24.345
73;T1;-56.3316;34.8032;14.6927;-27.1175;79.4895;-24.7515
74;T1;-56.1737;34.5431;15.1467;-27.6839;79.0662;-25.154
75;T1;-56.0195;34.2807;15.6039;-28.2528;78.638;-25.5524
76;T1;-55.8689;34.016;16.0643;-28.8241;78.2051;-25.9467
77;T1;-55.722;33.7493;16.5276;-29.3981;77.7676;-26.337
78;T1;-55.5789;33.4804;16.9938;-29.9749;77.3256;-26.7231
79;T1;-55.4397;33.2095;17.4626;-30.5545;76.8791;-27.1052
80;T1;-55.3045;32.9366;17.934;-31.1372;76.4282;-27.4832
81;T1;-55.1733;32.6619;18.4077;-31.7229;75.9732;-27.8571
82;T1;-55.0463;32.3854;18.8836;-32.3119;75.5139;-28.2268
83;T1;-54.9235;32.1071;19.3616;-32.9042;75.0506;-28.5925
84;T1;-54.8049;31.8272;19.8415;-33.5001;74.5832;-28.9541
85;T1;-54.6908;31.5457;20.3231;-34.0995;74.112;-29.3116
86;T1;-54.5812;31.2626;20.8063;-34.7027;73.6368;-29.665
87;T1;-54.4761;30.9782;21.291;-35.3097;73.158;-30.0143
88;T1;-54.3757;30.6923;21.777;-35.9207;72.6754;-30.3595
89;T1;-54.28;30.4052;22.2642;-36.5359;72.1892;-30.7006
90;T1;-54.1892;30.1168;22.7523;-37.1554;71.6995;-31.0376
91;T1;-54.1033;29.8273;23.2413;-37.7792;71.2063;-31.3705
92;T1;-54.0225;29.5367;23.7309;-38.4076;70.7097;-31.6993
93;T1;-53.9468;29.2451;24.2211;-39.0408;70.2097;-32.024
94;T1;-53.8763;28.9526;24.7117;-39.6787;69.7065;-32.3447
95;T1;-53.8112;28.6593;25.2025;-40.3217;69.2;-32.6612
96;T1;-53.7515;28.3652;25.6934;-40.9697;68.6904;-32.9736
97;T1;-53.6973;28.0704;26.1842;-41.6231;68.1776;-33.282
98;T1;-53.6487;27.775;26.6748;-42.2819;67.6618;-33.5862
99;T1;-53.6059;27.479;27.1649;-42.9463;67.143;-33.8863
100;T1;-53.5689;27.1827;27.6545;-43.6164;66.6211;-34.1823
101;T1;-53.5379;26.886;28.1434;-44.2925;66.0964;-34.4742
102;T1;-53.5129;26.589;28.6314;-44.9746;65.5688;-34.762
103;T1;-53.4941;26.2918;29.1184;-45.6629;65.0384;-35.0456
104;T1;-53.4815;25.9945;29.6042;-46.3576;64.5051;-35.325
105;T1;-53.4753;25.6972;30.0886;-47.0589;63.9691;-35.6002
106;T1;-53.4755;25.4;30.5714;-47.7669;63.4303;-35.8713
107;T1;-53.4824;25.103;31.0526;-48.4817;62.8889;-36.1381
108;T1;-53.4959;24.8063;31.532;-49.2037;62.3447;-36.4007
109;T1;-53.5163;24.5099;32.0092;-49.9328;61.7979;-36.659
110;T1;-53.5435;24.214;32.4843;-50.6694;61.2485;-36.913
111;T1;-53.5778;23.9186;32.957;-51.4136;60.6965;-37.1626
112;T1;-53.6191;23.624;33.4272;-52.1655;60.1419;-37.4079
113;T1;-53.6677;23.3301;33.8946;-52.9254;59.5847;-37.6487
114;T1;-53.7236;23.0371;34.359;-53.6934;59.0249;-37.8851
115;T1;-53.787;22.7451;34.8204;-54.4698;58.4626;-38.1169
116;T1;-53.8578;22.4542;35.2785;-55.2546;57.8978;-38.3441
117;T1;-53.9363;22.1645;35.7331;-56.0482;57.3305;-38.5667
118;T1;-54.0226;21.8762;36.1841;-56.8507;56.7606;-38.7845
119;T1;-54.1166;21.5893;36.6312;-57.6623;56.1882;-38.9975
120;T1;-54.2186;21.3041;37.0742;-58.4832;55.6133;-39.2056
121;T1;-54.3286;21.0205;37.513;-59.3136;55.0359;-39.4087
122;T1;-54.4466;20.7388;37.9474;-60.1537;54.456;-39.6067
123;T1;-54.5728;20.4591;38.377;-61.0038;53.8736;-39.7995
124;T1;-54.7073;20.1815;38.8018;-61.864;53.2887;-39.9869
125;T1;-54.85;19.9062;39.2216;-62.7346;52.7013;-40.1688
126;T1;-55.0012;19.6333;39.636;-63.6158;52.1114;-40.3452
127;T1;-55.1608;19.363;40.0449;-64.5079;51.5191;-40.5157
128;T1;-55.3288;19.0953;40.4481;-65.411;50.9242;-40.6803
129;T1;-55.5054;18.8306;40.8453;-66.3254;50.3269;-40.8388
130;T1;-55.6906;18.5688;41.2363;-67.2514;49.7271;-40.9909
131;T1;-55.8843;18.3102;41.6209;-68.1891;49.1248;-41.1365
132;T1;-56.0867;18.055;41.9988;-69.1389;48.52;-41.2753
133;T1;-56.2977;17.8033;42.3699;-70.1011;47.9128;-41.4071
134;T1;-56.5173;17.5553;42.7338;-71.0758;47.3032;-41.5316
135;T1;-56.7454;17.3111;43.0903;-72.0634;46.6912;-41.6485
136;T1;-56.9822;17.071;43.4392;-73.0641;46.0768;-41.7576
137;T1;-57.2275;16.8351;43.7802;-74.0782;45.4601;-41.8585
138;T1;-57.4812;16.6036;44.113;-75.106;44.841;-41.9509
139;T1;-57.7433;16.3767;44.4375;-76.1479;44.2197;-42.0343
140;T1;-58.0137;16.1546;44.7533;-77.2041;43.5962;-42.1085
141;T1;-58.2923;15.9374;45.0601;-78.275;42.9705;-42.1729
142;T1;-58.5789;15.7254;45.3578;-79.3609;42.3428;-42.2272
143;T1;-58.8735;15.5188;45.646;-80.4621;41.713;-42.2708
144;T1;-59.1758;15.3177;45.9245;-81.5789;41.0813;-42.3033
145;T1;-59.4856;15.1223;46.193;-82.7118;40.4478;-42.3241
146;T1;-59.8028;14.9329;46.4512;-83.8612;39.8126;-42.3327
147;T1;-60.127;14.7495;46.6989;-85.0273;39.1758;-42.3284
148;T1;-60.458;14.5725;46.9357;-86.2107;38.5375;-42.3107
149;T1;-60.7956;14.402;47.1615;-87.4116;37.8979;-42.2788
150;T1;-61.1394;14.2381;47.376;-88.6306;37.2572;-42.2321
151;T1;-61.489;14.0811;47.5789;-89.8681;36.6155;-42.1697
152;T1;-61.8441;13.9311;47.7699;-91.1245;35.973;-42.091
153;T1;-62.2043;13.7884;47.9488;-92.4003;35.33;-41.995
154;T1;-62.5692;13.653;48.1154;-93.6961;34.6867;-41.8809
155;T1;-62.9381;13.5251;48.2694;-95.0122;34.0432;-41.7478
156;T1;-63.3108;13.4048;48.4105;-96.3494;33.3999;-41.5947
157;T1;-63.6865;13.2924;48.5386;-97.708;32.7571;-41.4205
158;T1;-64.0649;13.1879;48.6535;-99.0888;32.1151;-41.2243
159;T1;-64.4452;13.0914;48.7549;-100.492;31.4741;-41.0049
160;T1;-64.8267;13.0031;48.8427;-101.919;30.8345;-40.761
161;T1;-65.209;12.923;48.9167;-103.37;30.1967;-40.4916
162;T1;-65.5912;12.8511;48.9768;-104.845;29.5611;-40.1952
163;T1;-65.9727;12.7877;49.0228;-106.346;28.9281;-39.8705
164;T1;-66.3526;12.7326;49.0547;-107.874;28.298;-39.5162
165;T1;-66.7301;12.6858;49.0725;-109.428;27.6714;-39.1307
166;T1;-67.1045;12.6475;49.0759;-111.01;27.0488;-38.7125
167;T1;-67.475;12.6175;49.0652;-112.621;26.4305;-38.26
168;T1;-67.8405;12.5959;49.0402;-114.261;25.8172;-37.7715
169;T1;-68.2002;12.5824;49.0011;-115.932;25.2095;-37.2453
170;T1;-68.5532;12.5771;48.948;-117.635;24.6078;-36.6796
171;T1;-68.8986;12.5798;48.8811;-119.37;24.0129;-36.0725
172;T1;-69.2353;12.5903;48.8006;-121.14;23.4254;-35.4221
173;T1;-69.5624;12.6084;48.7067;-122.944;22.8459;-34.7264
174;T1;-69.879;12.634;48.5999;-124.785;22.2752;-33.9833
175;T1;-70.1839;12.6666;48.4805;-126.663;21.7141;-33.1907
176;T1;-70.4762;12.7062;48.3492;-128.581;21.1633;-32.3466
177;T1;-70.755;12.7522;48.2064;-130.538;20.6239;-31.4488
178;T1;-71.0193;12.8045;48.0529;-132.537;20.0966;-30.4952
179;T1;-71.268;12.8624;47.8894;-134.578;19.5824;-29.4837
180;T1;-71.5004;12.9256;47.717;-136.664;19.0825;-28.4122
181;T1;-71.7156;12.9936;47.5366;-138.795;18.5979;-27.2789
182;T1;-71.9127;13.0659;47.3493;-140.973;18.1298;-26.0819
183;T1;-72.0912;13.1418;47.1566;-143.198;17.6795;-24.8197
184;T1;-72.2503;13.2208;46.9597;-145.472;17.2482;-23.491
185;T1;-72.3897;13.3022;46.7603;-147.795;16.8375;-22.095
186;T1;-72.509;13.3853;46.5602;-150.167;16.4487;-20.6312
187;T1;-72.6083;13.4693;46.3611;-152.588;16.0835;-19.0998
188;T1;-72.6875;13.5535;46.1649;-155.057;15.7433;-17.5016
189;T1;-72.7471;13.6371;45.9738;-157.574;15.4299;-15.8383
190;T1;-72.7879;13.7193;45.7899;-160.136;15.1448;-14.1122
191;T1;-72.8106;13.7995;45.6151;-162.741;14.8896;-12.3271
192;T1;-72.8168;13.8767;45.4517;-165.386;14.666;-10.4873
193;T1;-72.808;13.9505;45.3015;-168.066;14.4753;-8.59864
194;T1;-72.7863;14.02;45.1664;-170.777;14.319;-6.66777
195;T1;-72.7538;14.0849;45.0479;-173.512;14.198;-4.7025
196;T1;-72.7132;14.1446;44.9472;-176.266;14.1133;-2.71143
197;T1;-72.6672;14.1988;44.8653;-179.032;14.0656;-0.703885
198;T1;-72.6187;14.2475;44.8026;178.198;14.0551;1.31029
199;T1;-72.5705;14.2906;44.7592;175.431;14.082;3.32113
200;T1;-72.5256;14.3282;44.7346;172.675;14.1458;5.31872
201;T1;-72.4866;14.3605;44.7282;169.936;14.2461;7.29351
202;T1;-72.4561;14.3881;44.7387;167.221;14.382;9.2366
203;T1;-72.4364;14.4113;44.7647;164.537;14.5523;11.1399
204;T1;-72.4293;14.4307;44.8043;161.888;14.7557;12.9962
205;T1;-72.4365;14.447;44.8558;159.279;14.9908;14.7996
206;T1;-72.4593;14.4609;44.917;156.714;15.2559;16.5451
207;T1;-72.4985;14.4732;44.986;154.196;15.5494;18.2289
208;T1;-72.5547;14.4845;45.0605;151.727;15.8696;19.8481
209;T1;-72.6282;14.4956;45.1387;149.309;16.2148;21.401
210;T1;-72.7191;14.5072;45.2186;146.943;16.5833;22.8864
211;T1;-72.8271;14.52;45.2983;144.628;16.9734;24.3042
212;T1;-72.9518;14.5345;45.3763;142.365;17.3838;25.6546
213;T1;-73.0928;14.5514;45.451;140.153;17.8127;26.9385
214;T1;-73.2492;14.5713;45.5211;137.992;18.2589;28.1573
215;T1;-73.4204;14.5946;45.5853;135.881;18.721;29.3125
216;T1;-73.6054;14.6217;45.6425;133.819;19.1978;30.4059
217;T1;-73.8034;14.6532;45.6918;131.803;19.6881;31.4396
218;T1;-74.0135;14.6893;45.7324;129.834;20.1908;32.4156
219;T1;-74.2346;14.7303;45.7635;127.909;20.7048;33.3363
220;T1;-74.4658;14.7766;45.7846;126.027;21.2294;34.2038
221;T1;-74.7062;14.8284;45.7952;124.186;21.7635;35.0204
222;T1;-74.9547;14.8858;45.7949;122.386;22.3064;35.7884
223;T1;-75.2105;14.9491;45.7832;120.625;22.8572;36.5098
224;T1;-75.4726;15.0184;45.7601;118.901;23.4154;37.1869
225;T1;-75.7402;15.0938;45.7252;117.213;23.9802;37.8217
226;T1;-76.0124;15.1753;45.6784;115.56;24.551;38.4163
227;T1;-76.2883;15.2631;45.6197;113.941;25.1272;38.9725
228;T1;-76.5672;15.3571;45.549;112.354;25.7084;39.4923
229;T1;-76.8484;15.4574;45.4663;110.798;26.294;39.9774
230;T1;-77.131;15.564;45.3716;109.273;26.8836;40.4295
231;T1;-77.4145;15.6768;45.265;107.777;27.4767;40.8502
232;T1;-77.6981;15.7958;45.1466;106.309;28.0729;41.2411
233;T1;-77.9813;15.921;45.0164;104.868;28.6719;41.6037
234;T1;-78.2634;16.0522;44.8747;103.454;29.2733;41.9393
235;T1;-78.544;16.1895;44.7215;102.065;29.8768;42.2492
236;T1;-78.8224;16.3326;44.5571;100.701;30.4821;42.5348
237;T1;-79.0983;16.4816;44.3816;99.3611;31.089;42.7972
238;T1;-79.3712;16.6363;44.1952;98.0443;31.6971;43.0375
239;T1;-79.6406;16.7966;43.9981;96.7501;32.3062;43.2569
240;T1;-79.9061;16.9623;43.7905;95.4777;32.9162;43.4562
241;T1;-80.1675;17.1334;43.5726;94.2265;33.5267;43.6365
242;T1;-80.4244;17.3097;43.3447;92.9959;34.1377;43.7987
243;T1;-80.6764;17.4911;43.1069;91.7854;34.7489;43.9436
244;T1;-80.9233;17.6774;42.8595;90.5943;35.3603;44.072
245;T1;-81.1648;17.8685;42.6028;89.4221;35.9715;44.1847
246;T1;-81.4008;18.0643;42.3369;88.2684;36.5826;44.2823
247;T1;-81.6309;18.2646;42.0621;87.1325;37.1934;44.3656
248;T1;-81.8549;18.4693;41.7786;86.0142;37.8037;44.4352
249;T1;-82.0728;18.6782;41.4867;84.9128;38.4135;44.4918
250;T1;-82.2844;18.8912;41.1866;83.8279;39.0227;44.5357
251;T1;-82.4895;19.1081;40.8785;82.7593;39.6311;44.5676
252;T1;-82.688;19.3289;40.5627;81.7063;40.2388;44.5881
253;T1;-82.8798;19.5532;40.2393;80.6687;40.8457;44.5974
254;T1;-83.0648;19.7811;39.9087;79.6461;41.4516;44.5961
255;T1;-83.2429;20.0123;39.571;78.6381;42.0565;44.5847
256;T1;-83.4142;20.2468;39.2265;77.6443;42.6604;44.5634
257;T1;-83.5785;20.4843;38.8753;76.6645;43.2632;44.5327
258;T1;-83.7357;20.7248;38.5178;75.6982;43.8648;44.4928
259;T1;-83.886;20.9681;38.154;74.7453;44.4653;44.4442
260;T1;-84.0292;21.2141;37.7844;73.8053;45.0646;44.3871
261;T1;-84.1653;21.4627;37.4089;72.878;45.6627;44.3218
262;T1;-84.2944;21.7136;37.0279;71.963;46.2594;44.2485
263;T1;-84.4165;21.9668;36.6416;71.0602;46.8548;44.1675
264;T1;-84.5316;22.2222;36.2502;70.1692;47.4489;44.0791
265;T1;-84.6396;22.4797;35.8538;69.2897;48.0417;43.9834
266;T1;-84.7407;22.7391;35.4527;68.4215;48.633;43.8807
267;T1;-84.8349;23.0002;35.047;67.5644;49.2229;43.7712
268;T1;-84.9222;23.2631;34.637;66.718;49.8114;43.6549
269;T1;-85.0026;23.5275;34.2229;65.8822;50.3984;43.5322
270;T1;-85.0763;23.7935;33.8047;65.0567;50.9839;43.4031
271;T1;-85.1432;24.0607;33.3829;64.2413;51.5678;43.2678
272;T1;-85.2035;24.3292;32.9574;63.4357;52.1502;43.1264
273;T1;-85.2572;24.5989;32.5284;62.6398;52.7311;42.9791
274;T1;-85.3043;24.8695;32.0963;61.8533;53.3103;42.8259
275;T1;-85.3449;25.1412;31.6611;61.0759;53.888;42.667
276;T1;-85.3792;25.4136;31.223;60.3076;54.4639;42.5025
277;T1;-85.4071;25.6868;30.7822;59.548;55.0382;42.3325
278;T1;-85.4288;25.9606;30.3389;58.797;55.6108;42.1571
279;T1;-85.4442;26.235;29.8931;58.0544;56.1816;41.9762
280;T1;-85.4536;26.5099;29.4452;57.32;56.7506;41.7902
281;T1;-85.457;26.7851;28.9952;56.5935;57.3178;41.5989
282;T1;-85.4545;27.0606;28.5434;55.8748;57.8832;41.4024
283;T1;-85.446;27.3362;28.0898;55.1638;58.4467;41.2009
284;T1;-85.4318;27.612;27.6347;54.4602;59.0083;40.9944
285;T1;-85.4119;27.8878;27.1782;53.7638;59.5679;40.7829
286;T1;-85.3864;28.1635;26.7205;53.0745;60.1255;40.5664
287;T1;-85.3554;28.439;26.2617;52.3921;60.681;40.3451
288;T1;-85.3189;28.7144;25.8019;51.7164;61.2345;40.119
289;T1;-85.2771;28.9894;25.3414;51.0472;61.7858;39.888
290;T1;-85.23;29.264;24.8803;50.3845;62.3349;39.6523
291;T1;-85.1777;29.5381;24.4187;49.7279;62.8818;39.4118
292;T1;-85.1202;29.8117;23.9568;49.0774;63.4264;39.1667
293;T1;-85.0578;30.0847;23.4948;48.4327;63.9687;38.9168
294;T1;-84.9904;30.3569;23.0327;47.7938;64.5085;38.6623
295;T1;-84.9181;30.6284;22.5708;47.1605;65.0459;38.4032
296;T1;-84.841;30.899;22.1091;46.5325;65.5808;38.1395
297;T1;-84.7593;31.1687;21.648;45.9098;66.113;37.8711
298;T1;-84.6729;31.4374;21.1874;45.2922;66.6427;37.5982
299;T1;-84.5819;31.705;20.7275;44.6796;67.1696;37.3207
300;T1;-84.4865;31.9715;20.2685;44.0717;67.6938;37.0387
301;T1;-84.3867;32.2367;19.8106;43.4685;68.2151;36.7521
302;T1;-84.2826;32.5007;19.3538;42.8699;68.7335;36.4611
303;T1;-84.1742;32.7633;18.8983;42.2755;69.2489;36.1654
304;T1;-84.0617;33.0244;18.4444;41.6854;69.7612;35.8653
305;T1;-83.9451;33.284;17.992;41.0994;70.2704;35.5607
306;T1;-83.8245;33.5421;17.5414;40.5173;70.7764;35.2516
307;T1;-83.6999;33.7985;17.0927;39.9391;71.2791;34.938
308;T1;-83.5714;34.0532;16.6461;39.3645;71.7784;34.6199
309;T1;-83.4392;34.3061;16.2017;38.7934;72.2743;34.2974
310;T1;-83.3032;34.5571;15.7597;38.2258;72.7665;33.9704
311;T1;-83.1636;34.8062;15.3201;37.6615;73.2552;33.6389
312;T1;-83.0203;35.0533;14.8832;37.1003;73.7401;33.3029
313;T1;-82.8736;35.2984;14.4491;36.5421;74.2213;32.9625
314;T1;-82.7234;35.5413;14.018;35.9868;74.6985;32.6177
315;T1;-82.5697;35.782;13.5899;35.4343;75.1717;32.2684
316;T1;-82.4128;36.0203;13.1651;34.8845;75.6408;31.9147
317;T1;-82.2526;36.2564;12.7437;34.3372;76.1057;31.5566
318;T1;-82.0892;36.49;12.3258;33.7923;76.5664;31.194
319;T1;-81.9227;36.7211;11.9116;33.2498;77.0226;30.827
320;T1;-81.7531;36.9497;11.5013;32.7094;77.4744;30.4556
321;T1;-81.5805;37.1756;11.095;32.1711;77.9215;30.0798
322;T1;-81.4049;37.3989;10.6928;31.6348;78.364;29.6996
323;T1;-81.2265;37.6193;10.2949;31.1004;78.8016;29.315
324;T1;-81.0452;37.8369;9.90141;30.5677;79.2344;28.926
325;T1;-80.8611;38.0516;9.51255;30.0367;79.6621;28.5327
326;T1;-80.6744;38.2633;9.12843;29.5072;80.0846;28.135
327;T1;-80.485;38.4719;8.74922;28.9793;80.502;27.733
328;T1;-80.2929;38.6774;8.37506;28.4526;80.914;27.3266
329;T1;-80.0984;38.8797;8.00612;27.9273;81.3205;26.916
330;T1;-79.9014;39.0788;7.64252;27.4031;81.7214;26.5011
331;T1;-79.7019;39.2745;7.28444;26.88;82.1167;26.0819
332;T1;-79.5;39.4667;6.93201;26.3579;82.5061;25.6585
333;T1;-79.2959;39.6555;6.5854;25.8367;82.8896;25.2309
334;T1;-79.0894;39.8408;6.24475;25.3163;83.2671;24.799
335;T1;-78.8808;40.0224;5.91022;24.7967;83.6384;24.3631
336;T1;-78.67;40.2003;5.58195;24.2777;84.0034;23.9229
337;T1;-78.4571;40.3745;5.26009;23.7593;84.362;23.4787
338;T1;-78.2421;40.5448;4.9448;23.2415;84.7141;23.0305
339;T1;-78.0251;40.7112;4.63622;22.724;85.0596;22.5782
340;T1;-77.8062;40.8737;4.3345;22.207;85.3983;22.1219
341;T1;-77.5854;41.0321;4.03978;21.6903;85.7301;21.6617
342;T1;-77.3628;41.1865;3.75221;21.1738;86.055;21.1975
343;T1;-77.1383;41.3366;3.47193;20.6575;86.3728;20.7296
344;T1;-76.9121;41.4825;3.19909;20.1413;86.6833;20.2578
345;T1;-76.6843;41.6242;2.93382;19.6252;86.9865;19.7823
346;T1;-76.4548;41.7614;2.67627;19.1092;87.2822;19.3031
347;T1;-76.2237;41.8942;2.42657;18.5931;87.5704;18.8203
348;T1;-75.991;42.0226;2.18485;18.0769;87.8509;18.334
349;T1;-75.7569;42.1464;1.95125;17.5606;88.1236;17.8441
350;T1;-75.5214;42.2656;1.72589;17.0441;88.3884;17.3509
351;T1;-75.2844;42.3801;1.50891;16.5275;88.6451;16.8542
352;T1;-75.0462;42.4899;1.30042;16.0106;88.8938;16.3543
353;T1;-74.8066;42.5949;1.10055;15.4935;89.1342;15.8512
354;T1;-74.5659;42.6951;0.90941;14.976;89.3663;15.3451
355;T1;-74.3239;42.7904;0.727121;14.4582;89.59;14.8358
356;T1;-74.0809;42.8808;0.553787;13.9401;89.8052;14.3237
357;T1;-73.8367;42.9662;0.389522;13.4217;90.0117;13.8087
358;T1;-73.5916;43.0465;0.234418;12.9028;90.2096;13.2909
359;T1;-73.3455;43.1218;0.0885861;12.3835;90.3986;12.7705
360;T1;-73.0984;43.192;-0.0478926;11.8638;90.5787;12.2476
361;T1;-72.8505;43.257;-0.174915;11.3437;90.7499;11.7222
362;T1;-72.6018;43.3168;-0.292416;10.8232;90.9121;11.1945
363;T1;-72.3523;43.3714;-0.400303;10.3022;91.0651;10.6646
364;T1;-72.1021;43.4207;-0.498499;9.78079;91.2089;10.1326
365;T1;-71.8513;43.4647;-0.586945;9.25892;91.3435;9.59857
366;T1;-71.5999;43.5034;-0.665568;8.73661;91.4687;9.06267
367;T1;-71.3479;43.5368;-0.734313;8.21385;91.5846;8.52502
368;T1;-71.0954;43.5648;-0.793132;7.69066;91.691;7.98575
369;T1;-70.8425;43.5874;-0.841965;7.16703;91.788;7.44497
370;T1;-70.5892;43.6045;-0.880794;6.64299;91.8754;6.90282
371;T1;-70.3356;43.6163;-0.909559;6.11852;91.9533;6.35942
372;T1;-70.0817;43.6226;-0.928248;5.59366;92.0215;5.81491
373;T1;-69.8275;43.6235;-0.93683;5.0684;92.0802;5.26941
374;T1;-69.5732;43.6189;-0.935292;4.54276;92.1291;4.72306
375;T1;-69.3189;43.6088;-0.923618;4.01676;92.1684;4.176
376;T1;-69.0644;43.5933;-0.901813;3.49041;92.198;3.62835
377;T1;-68.8099;43.5723;-0.86987;2.96372;92.2179;3.08026
378;T1;-68.5555;43.5459;-0.827813;2.43671;92.2281;2.53186
379;T1;-68.3012;43.514;-0.775634;1.9094;92.2286;1.98329
380;T1;-68.0471;43.4767;-0.713367;1.38179;92.2194;1.43468
381;T1;-67.7932;43.434;-0.641037;0.853918;92.2005;0.886172
382;T1;-67.5396;43.3858;-0.558681;0.325779;92.1719;0.337897
383;T1;-67.2863;43.3323;-0.466328;-0.202596;92.1336;-0.21
384;T1;-67.0334;43.2734;-0.364042;-0.731203;92.0858;-0.757393
385;T1;-66.781;43.2092;-0.251854;-1.26003;92.0283;-1.30415
386;T1;-66.529;43.1396;-0.129829;-1.78905;91.9613;-1.85013
387;T1;-66.2777;43.0648;0.00197231;-2.31827;91.8848;-2.39521
388;T1;-66.0269;42.9847;0.143475;-2.84767;91.7988;-2.93925
389;T1;-65.7768;42.8994;0.29461;-3.37725;91.7033;-3.48213
390;T1;-65.5275;42.8089;0.455305;-3.90699;91.5985;-4.02373
391;T1;-65.2789;42.7133;0.625465;-4.43688;91.4844;-4.56391
392;T1;-65.0312;42.6126;0.805007;-4.96693;91.361;-5.10256
393;T1;-64.7844;42.5068;0.993842;-5.49714;91.2285;-5.63955
394;T1;-64.5385;42.396;1.19185;-6.0275;91.0868;-6.17478
395;T1;-64.2937;42.2802;1.39896;-6.55802;90.9361;-6.70812
396;T1;-64.0499;42.1595;1.61504;-7.0887;90.7765;-7.23947
397;T1;-63.8073;42.034;1.83999;-7.61954;90.608;-7.76871
398;T1;-63.5659;41.9036;2.0737;-8.15055;90.4306;-8.29574
399;T1;-63.3257;41.7685;2.31603;-8.68176;90.2446;-8.82045
400;T1;-63.0868;41.6287;2.56688;-9.21316;90.05;-9.34274
401;T1;-62.8493;41.4842;2.82612;-9.74478;89.8468;-9.86253
402;T1;-62.6132;41.3352;3.09362;-10.2766;89.6352;-10.3797
403;T1;-62.3786;41.1816;3.36924;-10.8088;89.4153;-10.8942
404;T1;-62.1455;41.0236;3.65285;-11.3412;89.1872;-11.4059
405;T1;-61.9141;40.8612;3.94433;-11.8739;88.951;-11.9147
406;T1;-61.6842;40.6944;4.24352;-12.4069;88.7067;-12.4206
407;T1;-61.4562;40.5234;4.55028;-12.9404;88.4545;-12.9234
408;T1;-61.2299;40.3482;4.86448;-13.4742;88.1946;-13.4232
409;T1;-61.0054;40.1688;5.18597;-14.0085;87.9269;-13.9197
410;T1;-60.7828;39.9854;5.5146;-14.5433;87.6517;-14.413
411;T1;-60.5622;39.7979;5.85022;-15.0786;87.3689;-14.903
412;T1;-60.3436;39.6065;6.19268;-15.6145;87.0789;-15.3897
413;T1;-60.127;39.4113;6.54184;-16.151;86.7816;-15.8729
414;T1;-59.9127;39.2123;6.89754;-16.6882;86.4771;-16.3526
415;T1;-59.7005;39.0095;7.25962;-17.2262;86.1657;-16.8288
416;T1;-59.4906;38.8031;7.62795;-17.765;85.8473;-17.3014
417;T1;-59.283;38.5931;8.00234;-18.3046;85.5222;-17.7704
418;T1;-59.0778;38.3795;8.38268;-18.8452;85.1904;-18.2357
419;T1;-58.875;38.1626;8.76877;-19.3868;84.852;-18.6972
420;T1;-58.6748;37.9422;9.16048;-19.9294;84.5072;-19.1551
421;T1;-58.4772;37.7186;9.55766;-20.4732;84.156;-19.6091
422;T1;-58.2822;37.4917;9.96013;-21.0182;83.7987;-20.0593
423;T1;-58.0899;37.2616;10.3678;-21.5644;83.4352;-20.5056
424;T1;-57.9004;37.0285;10.7804;-22.1121;83.0658;-20.948
425;T1;-57.7138;36.7924;11.1978;-22.6612;82.6905;-21.3866
426;T1;-57.53;36.5533;11.6199;-23.2119;82.3094;-21.8212
427;T1;-57.3493;36.3113;12.0466;-23.7642;81.9227;-22.2518
428;T1;-57.1716;36.0665;12.4776;-24.3182;81.5304;-22.6785
429;T1;-56.9971;35.819;12.9128;-24.874;81.1327;-23.1011
430;T1;-56.8257;35.5689;13.3521;-25.4318;80.7296;-23.5198
431;T1;-56.6576;35.3161;13.7953;-25.9916;80.3213;-23.9344
432;T1;-56.4929;35.0609;14.2422;-26.5534;79.9079;-24.345
433;T1;-56.3316;34.8032;14.6927;-27.1175;79.4895;-24.7515
434;T1;-56.1737;34.5431;15.1467;-27.6839;79.0662;-25.154
435;T1;-56.0195;34.2807;15.6039;-28.2528;78.638;-25.5524
436;T1;-55.8689;34.016;16.0643;-28.8241;78.2051;-25.9467
437;T1;-55.722;33.7493;16.5276;-29.3981;77.7676;-26.337
438;T1;-55.5789;33.4804;16.9938;-29.9749;77.3256;-26.7231
439;T1;-55.4397;33.2095;17.4626;-30.5545;76.8791;-27.1052
440;T1;-55.3045;32.9366;17.934;-31.1372;76.4282;-27.4832
441;T1;-55.1733;32.6619;18.4077;-31.7229;75.9732;-27.8571
442;T1;-55.0463;32.3854;18.8836;-32.3119;75.5139;-28.2268
443;T1;-54.9235;32.1071;19.3616;-32.9042;75.0506;-28.5925
444;T1;-54.8049;31.8272;19.8415;-33.5001;74.5832;-28.9541
445;T1;-54.6908;31.5457;20.3231;-34.0995;74.112;-29.3116
446;T1;-54.5812;31.2626;20.8063;-34.7027;73.6368;-29.665
447;T1;-54.4761;30.9782;21.291;-35.3097;73.158;-30.0143
448;T1;-54.3757;30.6923;21.777;-35.9207;72.6754;-30.3595
449;T1;-54.28;30.4052;22.2642;-36.5359;72.1892;-30.7006
450;T1;-54.1892;30.1168;22.7523;-37.1554;71.6995;-31.0376
451;T1;-54.1033;29.8273;23.2413;-37.7792;71.2063;-31.3705
452;T1;-54.0225;29.5367;23.7309;-38.4076;70.7097;-31.6993
453;T1;-53.9468;29.2451;24.2211;-39.0408;70.2097;-32.024
454;T1;-53.8763;28.9526;24.7117;-39.6787;69.7065;-32.3447
455;T1;-53.8112;28.6593;25.2025;-40.3217;69.2;-32.6612
456;T1;-53.7515;28.3652;25.6934;-40.9697;68.6904;-32.9736
457;T1;-53.6973;28.0704;26.1842;-41.6231;68.1776;-33.282
458;T1;-53.6487;27.775;26.6748;-42.2819;67.6618;-33.5862
459;T1;-53.6059;27.479;27.1649;-42.9463;67.143;-33.8863
460;T1;-53.5689;27.1827;27.6545;-43.6164;66.6211;-34.1823
461;T1;-53.5379;26.886;28.1434;-44.2925;66.0964;-34.4742
462;T1;-53.5129;26.589;28.6314;-44.9746;65.5688;-34.762
463;T1;-53.4941;26.2918;29.1184;-45.6629;65.0384;-35.0456
464;T1;-53.4815;25.9945;29.6042;-46.3576;64.5051;-35.325
465;T1;-53.4753;25.6972;30.0886;-47.0589;63.9691;-35.6002
466;T1;-53.4755;25.4;30.5714;-47.7669;63.4303;-35.8713
467;T1;-53.4824;25.103;31.0526;-48.4817;62.8889;-36.1381
468;T1;-53.4959;24.8063;31.532;-49.2037;62.3447;-36.4007
469;T1;-53.5163;24.5099;32.0092;-49.9328;61.7979;-36.659
470;T1;-53.5435;24.214;32.4843;-50.6694;61.2485;-36.913
471;T1;-53.5778;23.9186;32.957;-51.4136;60.6965;-37.1626
472;T1;-53.6191;23.624;33.4272;-52.1655;60.1419;-37.4079
473;T1;-53.6677;23.3301;33.8946;-52.9254;59.5847;-37.6487
474;T1;-53.7236;23.0371;34.359;-53.6934;59.0249;-37.8851
475;T1;-53.787;22.7451;34.8204;-54.4698;58.4626;-38.1169
476;T1;-53.8578;22.4542;35.2785;-55.2546;57.8978;-38.3441
477;T1;-53.9363;22.1645;35.7331;-56.0482;57.3305;-38.5667
478;T1;-54.0226;21.8762;36.1841;-56.8507;56.7606;-38.7845
479;T1;-54.1166;21.5893;36.6312;-57.6623;56.1882;-38.9975
480;T1;-54.2186;21.3041;37.0742;-58.4832;55.6133;-39.2056
481;T1;-54.3286;21.0205;37.513;-59.3136;55.0359;-39.4087
482;T1;-54.4466;20.7388;37.9474;-60.1537;54.456;-39.6067
483;T1;-54.5728;20.4591;38.377;-61.0038;53.8736;-39.7995
484;T1;-54.7073;20.1815;38.8018;-61.864;53.2887;-39.9869
485;T1;-54.85;19.9062;39.2216;-62.7346;52.7013;-40.1688
486;T1;-55.0012;19.6333;39.636;-63.6158;52.1114;-40.3452
487;T1;-55.1608;19.363;40.0449;-64.5079;51.5191;-40.5157
488;T1;-55.3288;19.0953;40.4481;-65.411;50.9242;-40.6803
489;T1;-55.5054;18.8306;40.8453;-66.3254;50.3269;-40.8388
490;T1;-55.6906;18.5688;41.2363;-67.2514;49.7271;-40.9909
491;T1;-55.8843;18.3102;41.6209;-68.1891;49.1248;-41.1365
492;T1;-56.0867;18.055;41.9988;-69.1389;48.52;-41.2753
493;T1;-56.2977;17.8033;42.3699;-70.1011;47.9128;-41.4071
494;T1;-56.5173;17.5553;42.7338;-71.0758;47.3032;-41.5316
495;T1;-56.7454;17.3111;43.0903;-72.0634;46.6912;-41.6485
496;T1;-56.9822;17.071;43.4392;-73.0641;46.0768;-41.7576
497;T1;-57.2275;16.8351;43.7802;-74.0782;45.4601;-41.8585
498;T1;-57.4812;16.6036;44.113;-75.106;44.841;-41.9509
499;T1;-57.7433;16.3767;44.4375;-76.1479;44.2197;-42.0343
500;T1;-58.0137;16.1546;44.7533;-77.2041;43.5962;-42.1085
501;T1;-58.2923;15.9374;45.0601;-78.275;42.9705;-42.1729
502;T1;-58.5789;15.7254;45.3578;-79.3609;42.3428;-42.2272
503;T1;-58.8735;15.5188;45.646;-80.4621;41.713;-42.2708
504;T1;-59.1758;15.3177;45.9245;-81.5789;41.0813;-42.3033
505;T1;-59.4856;15.1223;46.193;-82.7118;40.4478;-42.3241
506;T1;-59.8028;14.9329;46.4512;-83.8612;39.8126;-42.3327
507;T1;-60.127;14.7495;46.6989;-85.0273;39.1758;-42.3284
508;T1;-60.458;14.5725;46.9357;-86.2107;38.5375;-42.3107
509;T1;-60.7956;14.402;47.1615;-87.4116;37.8979;-42.2788
510;T1;-61.1394;14.2381;47.376;-88.6306;37.2572;-42.2321
511;T1;-61.489;14.0811;47.5789;-89.8681;36.6155;-42.1697
512;T1;-61.8441;13.9311;47.7699;-91.1245;35.973;-42.091
513;T1;-62.2043;13.7884;47.9488;-92.4003;35.33;-41.995
514;T1;-62.5692;13.653;48.1154;-93.6961;34.6867;-41.8809
515;T1;-62.9381;13.5251;48.2694;-95.0122;34.0432;-41.7478
516;T1;-63.3108;13.4048;48.4105;-96.3494;33.3999;-41.5947
517;T1;-63.6865;13.2924;48.5386;-97.708;32.7571;-41.4205
518;T1;-64.0649;13.1879;48.6535;-99.0888;32.1151;-41.2243
519;T1;-64.4452;13.0914;48.7549;-100.492;31.4741;-41.0049
520;T1;-64.8267;13.0031;48.8427;-101.919;30.8345;-40.761
521;T1;-65.209;12.923;48.9167;-103.37;30.1967;-40.4916
522;T1;-65.5912;12.8511;48.9768;-104.845;29.5611;-40.1952
523;T1;-65.9727;12.7877;49.0228;-106.346;28.9281;-39.8705
524;T1;-66.3526;12.7326;49.0547;-107.874;28.298;-39.5162
525;T1;-66.7301;12.6858;49.0725;-109.428;27.6714;-39.1307
526;T1;-67.1045;12.6475;49.0759;-111.01;27.0488;-38.7125
527;T1;-67.475;12.6175;49.0652;-112.621;26.4305;-38.26
528;T1;-67.8405;12.5959;49.0402;-114.261;25.8172;-37.7715
529;T1;-68.2002;12.5824;49.0011;-115.932;25.2095;-37.2453
530;T1;-68.5532;12.5771;48.948;-117.635;24.6078;-36.6796
531;T1;-68.8986;12.5798;48.8811;-119.37;24.0129;-36.0725
532;T1;-69.2353;12.5903;48.8006;-121.14;23.4254;-35.4221
533;T1;-69.5624;12.6084;48.7067;-122.944;22.8459;-34.7264
534;T1;-69.879;12.634;48.5999;-124.785;22.2752;-33.9833
535;T1;-70.1839;12.6666;48.4805;-126.663;21.7141;-33.1907
536;T1;-70.4762;12.7062;48.3492;-128.581;21.1633;-32.3466
537;T1;-70.755;12.7522;48.2064;-130.538;20.6239;-31.4488
538;T1;-71.0193;12.8045;48.0529;-132.537;20.0966;-30.4952
539;T1;-71.268;12.8624;47.8894;-134.578;19.5824;-29.4837
540;T1;-71.5004;12.9256;47.717;-136.664;19.0825;-28.4122
541;T1;-71.7156;12.9936;47.5366;-138.795;18.5979;-27.2789
542;T1;-71.9127;13.0659;47.3493;-140.973;18.1298;-26.0819
543;T1;-72.0912;13.1418;47.1566;-143.198;17.6795;-24.8197
544;T1;-72.2503;13.2208;46.9597;-145.472;17.2482;-23.491
545;T1;-72.3897;13.3022;46.7603;-147.795;16.8375;-22.095
546;T1;-72.509;13.3853;46.5602;-150.167;16.4487;-20.6312
547;T1;-72.6083;13.4693;46.3611;-152.588;16.0835;-19.0998
548;T1;-72.6875;13.5535;46.1649;-155.057;15.7433;-17.5016
549;T1;-72.7471;13.6371;45.9738;-157.574;15.4299;-15.8383
550;T1;-72.7879;13.7193;45.7899;-160.136;15.1448;-14.1122
551;T1;-72.8106;13.7995;45.6151;-162.741;14.8896;-12.3271
552;T1;-72.8168;13.8767;45.4517;-165.386;14.666;-10.4873
553;T1;-72.808;13.9505;45.3015;-168.066;14.4753;-8.59864
554;T1;-72.7863;14.02;45.1664;-170.777;14.319;-6.66777
555;T1;-72.7538;14.0849;45.0479;-173.512;14.198;-4.7025
556;T1;-72.7132;14.1446;44.9472;-176.266;14.1133;-2.71143
557;T1;-72.6672;14.1988;44.8653;-179.032;14.0656;-0.703885
558;T1;-72.6187;14.2475;44.8026;178.198;14.0551;1.31029
559;T1;-72.5705;14.2906;44.7592;175.431;14.082;3.32113
560;T1;-72.5256;14.3282;44.7346;172.675;14.1458;5.31872
561;T1;-72.4866;14.3605;44.7282;169.936;14.2461;7.29351
562;T1;-72.4561;14.3881;44.7387;167.221;14.382;9.2366
563;T1;-72.4364;14.4113;44.7647;164.537;14.5523;11.1399
564;T1;-72.4293;14.4307;44.8043;161.888;14.7557;12.9962
565;T1;-72.4365;14.447;44.8558;159.279;14.9908;14.7996
566;T1;-72.4593;14.4609;44.917;156.714;15.2559;16.5451
567;T1;-72.4985;14.4732;44.986;154.196;15.5494;18.2289
568;T1;-72.5547;14.4845;45.0605;151.727;15.8696;19.8481
569;T1;-72.6282;14.4956;45.1387;149.309;16.2148;21.401
570;T1;-72.7191;14.5072;45.2186;146.943;16.5833;22.8864
571;T1;-72.8271;14.52;45.2983;144.628;16.9734;24.3042
572;T1;-72.9518;14.5345;45.3763;142.365;17.3838;25.6546
573;T1;-73.0928;14.5514;45.451;140.153;17.8127;26.9385
574;T1;-73.2492;14.5713;45.5211;137.992;18.2589;28.1573
575;T1;-73.4204;14.5946;45.5853;135.881;18.721;29.3125
576;T1;-73.6054;14.6217;45.6425;133.819;19.1978;30.4059
577;T1;-73.8034;14.6532;45.6918;131.803;19.6881;31.4396
578;T1;-74.0135;14.6893;45.7324;129.834;20.1908;32.4156
579;T1;-74.2346;14.7303;45.7635;127.909;20.7048;33.3363
580;T1;-74.4658;14.7766;45.7846;126.027;21.2294;34.2038
581;T1;-74.7062;14.8284;45.7952;124.186;21.7635;35.0204
582;T1;-74.9547;14.8858;45.7949;122.386;22.3064;35.7884
583;T1;-75.2105;14.9491;45.7832;120.625;22.8572;36.5098
584;T1;-75.4726;15.0184;45.7601;118.901;23.4154;37.1869
585;T1;-75.7402;15.0938;45.7252;117.213;23.9802;37.8217
586;T1;-76.0124;15.1753;45.6784;115.56;24.551;38.4163
587;T1;-76.2883;15.2631;45.6197;113.941;25.1272;38.9725
588;T1;-76.5672;15.3571;45.549;112.354;25.7084;39.4923
589;T1;-76.8484;15.4574;45.4663;110.798;26.294;39.9774
590;T1;-77.131;15.564;45.3716;109.273;26.8836;40.4295
591;T1;-77.4145;15.6768;45.265;107.777;27.4767;40.8502
592;T1;-77.6981;15.7958;45.1466;106.309;28.0729;41.2411
593;T1;-77.9813;15.921;45.0164;104.868;28.6719;41.6037
594;T1;-78.2634;16.0522;44.8747;103.454;29.2733;41.9393
595;T1;-78.544;16.1895;44.7215;102.065;29.8768;42.2492
596;T1;-78.8224;16.3326;44.5571;100.701;30.4821;42.5348
597;T1;-79.0983;16.4816;44.3816;99.3611;31.089;42.7972
598;T1;-79.3712;16.6363;44.1952;98.0443;31.6971;43.0375
599;T1;-79.6406;16.7966;43.9981;96.7501;32.3062;43.2569
600;T1;-79.9061;16.9623;43.7905;95.4777;32.9162;43.4562
601;T1;-80.1675;17.1334;43.5726;94.2265;33.5267;43.6365
602;T1;-80.4244;17.3097;43.3447;92.9959;34.1377;43.7987
603;T1;-80.6764;17.4911;43.1069;91.7854;34.7489;43.9436
604;T1;-80.9233;17.6774;42.8595;90.5943;35.3603;44.072
605;T1;-81.1648;17.8685;42.6028;89.4221;35.9715;44.1847
606;T1;-81.4008;18.0643;42.3369;88.2684;36.5826;44.2823
607;T1;-81.6309;18.2646;42.0621;87.1325;37.1934;44.3656
608;T1;-81.8549;18.4693;41.7786;86.0142;37.8037;44.4352
609;T1;-82.0728;18.6782;41.4867;84.9128;38.4135;44.4918
610;T1;-82.2844;18.8912;41.1866;83.8279;39.0227;44.5357
611;T1;-82.4895;19.1081;40.8785;82.7593;39.6311;44.5676
612;T1;-82.688;19.3289;40.5627;81.7063;40.2388;44.5881
613;T1;-82.8798;19.5532;40.2393;80.6687;40.8457;44.5974
614;T1;-83.0648;19.7811;39.9087;79.6461;41.4516;44.5961
615;T1;-83.2429;20.0123;39.571;78.6381;42.0565;44.5847
616;T1;-83.4142;20.2468;39.2265;77.6443;42.6604;44.5634
617;T1;-83.5785;20.4843;38.8753;76.6645;43.2632;44.5327
618;T1;-83.7357;20.7248;38.5178;75.6982;43.8648;44.4928
619;T1;-83.886;20.9681;38.154;74.7453;44.4653;44.4442
620;T1;-84.0292;21.2141;37.7844;73.8053;45.0646;44.3871
621;T1;-84.1653;21.4627;37.4089;72.878;45.6627;44.3218
622;T1;-84.2944;21.7136;37.0279;71.963;46.2594;44.2485
623;T1;-84.4165;21.9668;36.6416;71.0602;46.8548;44.1675
624;T1;-84.5316;22.2222;36.2502;70.1692;47.4489;44.0791
625;T1;-84.6396;22.4797;35.8538;69.2897;48.0417;43.9834
626;T1;-84.7407;22.7391;35.4527;68.4215;48.633;43.8807
627;T1;-84.8349;23.0002;35.047;67.5644;49.2229;43.7712
628;T1;-84.9222;23.2631;34.637;66.718;49.8114;43.6549
629;T1;-85.0026;23.5275;34.2229;65.8822;50.3984;43.5322
630;T1;-85.0763;23.7935;33.8047;65.0567;50.9839;43.4031
631;T1;-85.1432;24.0607;33.3829;64.2413;51.5678;43.2678
632;T1;-85.2035;24.3292;32.9574;63.4357;52.1502;43.1264
633;T1;-85.2572;24.5989;32.5284;62.6398;52.7311;42.9791
634;T1;-85.3043;24.8695;32.0963;61.8533;53.3103;42.8259
635;T1;-85.3449;25.1412;31.6611;61.0759;53.888;42.667
636;T1;-85.3792;25.4136;31.223;60.3076;54.4639;42.5025
637;T1;-85.4071;25.6868;30.7822;59.548;55.0382;42.3325
638;T1;-85.4288;25.9606;30.3389;58.797;55.6108;42.1571
639;T1;-85.4442;26.235;29.8931;58.0544;56.1816;41.9762
640;T1;-85.4536;26.5099;29.4452;57.32;56.7506;41.7902
641;T1;-85.457;26.7851;28.9952;56.5935;57.3178;41.5989
642;T1;-85.4545;27.0606;28.5434;55.8748;57.8832;41.4024
643;T1;-85.446;27.3362;28.0898;55.1638;58.4467;41.2009
644;T1;-85.4318;27.612;27.6347;54.4602;59.0083;40.9944
645;T1;-85.4119;27.8878;27.1782;53.7638;59.5679;40.7829
646;T1;-85.3864;28.1635;26.7205;53.0745;60.1255;40.5664
647;T1;-85.3554;28.439;26.2617;52.3921;60.681;40.3451
648;T1;-85.3189;28.7144;25.8019;51.7164;61.2345;40.119
649;T1;-85.2771;28.9894;25.3414;51.0472;61.7858;39.888
650;T1;-85.23;29.264;24.8803;50.3845;62.3349;39.6523
651;T1;-85.1777;29.5381;24.4187;49.7279;62.8818;39.4118
652;T1;-85.1202;29.8117;23.9568;49.0774;63.4264;39.1667
653;T1;-85.0578;30.0847;23.4948;48.4327;63.9687;38.9168
654;T1;-84.9904;30.3569;23.0327;47.7938;64.5085;38.6623
655;T1;-84.9181;30.6284;22.5708;47.1605;65.0459;38.4032
656;T1;-84.841;30.899;22.1091;46.5325;65.5808;38.1395
657;T1;-84.7593;31.1687;21.648;45.9098;66.113;37.8711
658;T1;-84.6729;31.4374;21.1874;45.2922;66.6427;37.5982
659;T1;-84.5819;31.705;20.7275;44.6796;67.1696;37.3207
660;T1;-84.4865;31.9715;20.2685;44.0717;67.6938;37.0387
661;T1;-84.3867;32.2367;19.8106;43.4685;68.2151;36.7521
662;T1;-84.2826;32.5007;19.3538;42.8699;68.7335;36.4611
663;T1;-84.1742;32.7633;18.8983;42.2755;69.2489;36.1654
664;T1;-84.0617;33.0244;18.4444;41.6854;69.7612;35.8653
665;T1;-83.9451;33.284;17.992;41.0994;70.2704;35.5607
666;T1;-83.8245;33.5421;17.5414;40.5173;70.7764;35.2516
667;T1;-83.6999;33.7985;17.0927;39.9391;71.2791;34.938
668;T1;-83.5714;34.0532;16.6461;39.3645;71.7784;34.6199
669;T1;-83.4392;34.3061;16.2017;38.7934;72.2743;34.2974
670;T1;-83.3032;34.5571;15.7597;38.2258;72.7665;33.9704
671;T1;-83.1636;34.8062;15.3201;37.6615;73.2552;33.6389
672;T1;-83.0203;35.0533;14.8832;37.1003;73.7401;33.3029
673;T1;-82.8736;35.2984;14.4491;36.5421;74.2213;32.9625
674;T1;-82.7234;35.5413;14.018;35.9868;74.6985;32.6177
675;T1;-82.5697;35.782;13.5899;35.4343;75.1717;32.2684
676;T1;-82.4128;36.0203;13.1651;34.8845;75.6408;31.9147
677;T1;-82.2526;36.2564;12.7437;34.3372;76.1057;31.5566
678;T1;-82.0892;36.49;12.3258;33.7923;76.5664;31.194
679;T1;-81.9227;36.7211;11.9116;33.2498;77.0226;30.827
680;T1;-81.7531;36.9497;11.5013;32.7094;77.4744;30.4556
681;T1;-81.5805;37.1756;11.095;32.1711;77.9215;30.0798
682;T1;-81.4049;37.3989;10.6928;31.6348;78.364;29.6996
683;T1;-81.2265;37.6193;10.2949;31.1004;78.8016;29.315
684;T1;-81.0452;37.8369;9.90141;30.5677;79.2344;28.926
685;T1;-80.8611;38.0516;9.51255;30.0367;79.6621;28.5327
686;T1;-80.6744;38.2633;9.12843;29.5072;80.0846;28.135
687;T1;-80.485;38.4719;8.74922;28.9793;80.502;27.733
688;T1;-80.2929;38.6774;8.37506;28.4526;80.914;27.3266
689;T1;-80.0984;38.8797;8.00612;27.9273;81.3205;26.916
690;T1;-79.9014;39.0788;7.64252;27.4031;81.7214;26.5011
691;T1;-79.7019;39.2745;7.28444;26.88;82.1167;26.0819
692;T1;-79.5;39.4667;6.93201;26.3579;82.5061;25.6585
693;T1;-79.2959;39.6555;6.5854;25.8367;82.8896;25.2309
694;T1;-79.0894;39.8408;6.24475;25.3163;83.2671;24.799
695;T1;-78.8808;40.0224;5.91022;24.7967;83.6384;24.3631
696;T1;-78.67;40.2003;5.58195;24.2777;84.0034;23.9229
697;T1;-78.4571;40.3745;5.26009;23.7593;84.362;23.4787
698;T1;-78.2421;40.5448;4.9448;23.2415;84.7141;23.0305
699;T1;-78.0251;40.7112;4.63622;22.724;85.0596;22.5782
700;T1;-77.8062;40.8737;4.3345;22.207;85.3983;22.1219
701;T1;-77.5854;41.0321;4.03978;21.6903;85.7301;21.6617
702;T1;-77.3628;41.1865;3.75221;21.1738;86.055;21.1975
703;T1;-77.1383;41.3366;3.47193;20.6575;86.3728;20.7296
704;T1;-76.9121;41.4825;3.19909;20.1413;86.6833;20.2578
705;T1;-76.6843;41.6242;2.93382;19.6252;86.9865;19.7823
706;T1;-76.4548;41.7614;2.67627;19.1092;87.2822;19.3031
707;T1;-76.2237;41.8942;2.42657;18.5931;87.5704;18.8203
708;T1;-75.991;42.0226;2.18485;18.0769;87.8509;18.334
709;T1;-75.7569;42.1464;1.95125;17.5606;88.1236;17.8441
710;T1;-75.5214;42.2656;1.72589;17.0441;88.3884;17.3509
711;T1;-75.2844;42.3801;1.50891;16.5275;88.6451;16.8542
712;T1;-75.0462;42.4899;1.30042;16.0106;88.8938;16.3543
713;T1;-74.8066;42.5949;1.10055;15.4935;89.1342;15.8512
714;T1;-74.5659;42.6951;0.90941;14.976;89.3663;15.3451
715;T1;-74.3239;42.7904;0.727121;14.4582;89.59;14.8358
716;T1;-74.0809;42.8808;0.553787;13.9401;89.8052;14.3237
717;T1;-73.8367;42.9662;0.389522;13.4217;90.0117;13.8087
718;T1;-73.5916;43.0465;0.234418;12.9028;90.2096;13.2909
719;T1;-73.3455;43.1218;0.0885861;12.3835;90.3986;12.7705
720;T1;-73.0984;43.192;-0.0478926;11.8638;90.5787;12.2476
0;T2;-78.9654;40.5997;6.99351;52.7918;82.5591;202.538
1;T2;-78.7903;40.7756;6.66612;52.2111;83.0933;202.317
2;T2;-78.6128;40.9487;6.34279;51.6322;83.6244;202.091
3;T2;-78.433;41.119;6.02366;51.055;84.1525;201.857
4;T2;-78.251;41.2864;5.70888;50.4794;84.6772;201.618
5;T2;-78.0667;41.4508;5.39857;49.9052;85.1986;201.373
6;T2;-77.8802;41.6122;5.09288;49.3324;85.7165;201.121
7;T2;-77.6915;41.7705;4.79194;48.7607;86.2307;200.863
8;T2;-77.5008;41.9256;4.49588;48.1899;86.7413;200.598
9;T2;-77.3079;42.0775;4.20486;47.6201;87.2479;200.328
10;T2;-77.1129;42.2261;3.91898;47.051;87.7506;200.051
11;T2;-76.9159;42.3713;3.63841;46.4825;88.2491;199.768
12;T2;-76.7168;42.5132;3.36328;45.9145;88.7433;199.479
13;T2;-76.5158;42.6515;3.09373;45.3468;89.2332;199.183
14;T2;-76.3129;42.7863;2.82988;44.7793;89.7186;198.881
15;T2;-76.108;42.9174;2.57189;44.2119;90.1993;198.573
16;T2;-75.9012;43.0449;2.31988;43.6444;90.6752;198.258
17;T2;-75.6926;43.1686;2.074;43.0768;91.1462;197.937
18;T2;-75.4821;43.2885;1.83438;42.5088;91.6121;197.61
19;T2;-75.2699;43.4046;1.60116;41.9405;92.0728;197.277
20;T2;-75.0558;43.5167;1.37447;41.3716;92.5281;196.937
21;T2;-74.8401;43.6248;1.15445;40.802;92.9779;196.591
22;T2;-74.6226;43.7288;0.941232;40.2317;93.4221;196.239
23;T2;-74.4035;43.8287;0.734957;39.6604;93.8606;195.88
24;T2;-74.1827;43.9244;0.53574;39.0882;94.2931;195.515
25;T2;-73.9603;44.0159;0.343728;38.5149;94.7195;195.144
26;T2;-73.7363;44.1031;0.159051;37.9404;95.1397;194.767
27;T2;-73.5107;44.1859;-0.0181658;37.3646;95.5535;194.383
28;T2;-73.2837;44.2643;-0.187796;36.7874;95.9608;193.994
29;T2;-73.0551;44.3382;-0.349714;36.2087;96.3614;193.598
30;T2;-72.8251;44.4076;-0.503788;35.6284;96.7552;193.196
31;T2;-72.5937;44.4724;-0.649901;35.0465;97.1421;192.788
32;T2;-72.3609;44.5326;-0.787929;34.4628;97.5218;192.374
33;T2;-72.1267;44.588;-0.917752;33.8773;97.8943;191.954
34;T2;-71.8912;44.6387;-1.03927;33.2899;98.2593;191.528
35;T2;-71.6545;44.6847;-1.15234;32.7005;98.6168;191.096
36;T2;-71.4164;44.7257;-1.25688;32.109;98.9666;190.658
37;T2;-71.1772;44.7619;-1.35276;31.5155;99.3085;190.215
38;T2;-70.9367;44.7931;-1.43988;30.9198;99.6424;189.765
39;T2;-70.6952;44.8194;-1.51815;30.322;99.9682;189.31
40;T2;-70.4525;44.8407;-1.58746;29.7218;100.286;188.85
41;T2;-70.2087;44.8568;-1.6477;29.1194;100.595;188.384
42;T2;-69.964;44.8679;-1.6988;28.5146;100.895;187.913
43;T2;-69.7182;44.8739;-1.74067;27.9075;101.187;187.436
44;T2;-69.4715;44.8747;-1.77322;27.2979;101.47;186.954
45;T2;-69.2239;44.8702;-1.79636;26.686;101.744;186.467
46;T2;-68.9754;44.8606;-1.81003;26.0716;102.009;185.975
47;T2;-68.7261;44.8457;-1.81416;25.4547;102.264;185.478
48;T2;-68.476;44.8255;-1.80867;24.8354;102.51;184.976
49;T2;-68.2252;44.8;-1.79351;24.2136;102.747;184.47
50;T2;-67.9737;44.7692;-1.76862;23.5894;102.974;183.959
51;T2;-67.7215;44.7331;-1.73394;22.9627;103.192;183.444
52;T2;-67.4688;44.6916;-1.68944;22.3336;103.4;182.924
53;T2;-67.2155;44.6447;-1.63507;21.7021;103.597;182.401
54;T2;-66.9618;44.5925;-1.5708;21.0681;103.785;181.873
55;T2;-66.7076;44.5349;-1.49659;20.4318;103.963;181.342
56;T2;-66.4531;44.4719;-1.41243;19.7932;104.13;180.807
57;T2;-66.1982;44.4035;-1.3183;19.1522;104.287;180.269
58;T2;-65.943;44.3297;-1.21418;18.509;104.434;179.727
59;T2;-65.6877;44.2506;-1.10008;17.8635;104.571;179.183
60;T2;-65.4322;44.1661;-0.975988;17.2158;104.697;178.636
61;T2;-65.1765;44.0762;-0.84191;16.5661;104.812;178.085
62;T2;-64.9209;43.9809;-0.697879;15.9142;104.917;177.533
63;T2;-64.6653;43.8804;-0.543902;15.2603;105.011;176.978
64;T2;-64.4097;43.7745;-0.38;14.6045;105.094;176.421
65;T2;-64.1544;43.6633;-0.206221;13.9467;105.167;175.862
66;T2;-63.8992;43.5469;-0.0225959;13.2871;105.229;175.301
67;T2;-63.6443;43.4252;0.170823;12.6257;105.28;174.739
68;T2;-63.3898;43.2983;0.373993;11.9627;105.32;174.176
69;T2;-63.1357;43.1662;0.586849;11.2979;105.35;173.611
70;T2;-62.8821;43.029;0.809328;10.6316;105.369;173.046
71;T2;-62.629;42.8867;1.04136;9.9638;105.377;172.48
72;T2;-62.3766;42.7393;1.28286;9.29453;105.374;171.914
73;T2;-62.1249;42.5869;1.53375;8.6239;105.36;171.347
74;T2;-61.8739;42.4295;1.79394;7.95195;105.336;170.78
75;T2;-61.6239;42.2672;2.06334;7.27876;105.301;170.214
76;T2;-61.3747;42.1;2.34185;6.60438;105.255;169.648
77;T2;-61.1265;41.9279;2.62936;5.92889;105.199;169.082
78;T2;-60.8794;41.7511;2.92575;5.25234;105.132;168.518
79;T2;-60.6335;41.5695;3.23092;4.57479;105.055;167.954
80;T2;-60.3888;41.3833;3.54475;3.8963;104.967;167.391
81;T2;-60.1454;41.1925;3.86709;3.21691;104.869;166.83
82;T2;-59.9033;40.9971;4.19785;2.53667;104.761;166.271
83;T2;-59.6628;40.7972;4.53685;1.85563;104.642;165.713
84;T2;-59.4238;40.5929;4.884;1.17384;104.514;165.157
85;T2;-59.1864;40.3842;5.23912;0.491324;104.375;164.604
86;T2;-58.9508;40.1713;5.60208;-0.191877;104.226;164.052
87;T2;-58.7169;39.9541;5.97273;-0.875739;104.068;163.504
88;T2;-58.4849;39.7327;6.35092;-1.56023;103.9;162.957
89;T2;-58.2549;39.5073;6.73648;-2.24534;103.722;162.414
90;T2;-58.0269;39.2778;7.12929;-2.93105;103.535;161.874
91;T2;-57.801;39.0444;7.52914;-3.61736;103.338;161.336
92;T2;-57.5773;38.8071;7.93591;-4.30424;103.132;160.802
93;T2;-57.356;38.566;8.3494;-4.99171;102.917;160.272
94;T2;-57.137;38.3212;8.76947;-5.67978;102.693;159.745
95;T2;-56.9205;38.0727;9.19594;-6.36844;102.461;159.221
96;T2;-56.7065;37.8206;9.62864;-7.05773;102.219;158.701
97;T2;-56.4952;37.565;10.0674;-7.74766;101.969;158.186
98;T2;-56.2866;37.3059;10.512;-8.43826;101.71;157.674
99;T2;-56.0808;37.0435;10.9624;-9.12956;101.443;157.166
100;T2;-55.8779;36.7778;11.4183;-9.8216;101.168;156.662
101;T2;-55.6781;36.5089;11.8796;-10.5144;100.884;156.163
102;T2;-55.4813;36.2369;12.346;-11.2081;100.593;155.668
103;T2;-55.2877;35.9618;12.8175;-11.9026;100.294;155.178
104;T2;-55.0974;35.6837;13.2938;-12.5981;99.9874;154.692
105;T2;-54.9104;35.4027;13.7747;-13.2946;99.6732;154.211
106;T2;-54.7269;35.1189;14.2602;-13.9922;99.3517;153.734
107;T2;-54.547;34.8323;14.7499;-14.691;99.0229;153.262
108;T2;-54.3706;34.543;15.2437;-15.3909;98.687;152.795
109;T2;-54.1981;34.2511;15.7415;-16.0923;98.3442;152.333
110;T2;-54.0294;33.9567;16.2431;-16.795;97.9946;151.875
111;T2;-53.8646;33.6598;16.7483;-17.4992;97.6383;151.423
112;T2;-53.7039;33.3606;17.2569;-18.205;97.2754;150.975
113;T2;-53.5473;33.059;17.7687;-18.9125;96.9061;150.532
114;T2;-53.395;32.7552;18.2836;-19.6219;96.5306;150.095
115;T2;-53.247;32.4493;18.8013;-20.3332;96.1489;149.662
116;T2;-53.1035;32.1413;19.3218;-21.0465;95.7612;149.235
117;T2;-52.9645;31.8313;19.8448;-21.762;95.3675;148.812
118;T2;-52.8302;31.5194;20.3702;-22.4797;94.9682;148.395
119;T2;-52.7007;31.2056;20.8977;-23.1999;94.5631;147.982
120;T2;-52.576;30.89;21.4273;-23.9226;94.1525;147.575
121;T2;-52.4564;30.5728;21.9587;-24.648;93.7365;147.173
122;T2;-52.3419;30.2539;22.4918;-25.3763;93.3152;146.776
123;T2;-52.2326;29.9335;23.0263;-26.1074;92.8887;146.383
124;T2;-52.1286;29.6117;23.5622;-26.8417;92.4572;145.996
125;T2;-52.0301;29.2884;24.0991;-27.5793;92.0206;145.615
126;T2;-51.9372;28.9639;24.6371;-28.3202;91.5792;145.238
127;T2;-51.85;28.6382;25.1758;-29.0647;91.1329;144.866
128;T2;-51.7686;28.3113;25.7152;-29.813;90.6821;144.499
129;T2;-51.6931;27.9833;26.255;-30.5651;90.2266;144.137
130;T2;-51.6238;27.6544;26.795;-31.3212;89.7666;143.781
131;T2;-51.5606;27.3245;27.3352;-32.0816;89.3021;143.429
132;T2;-51.5038;26.9939;27.8752;-32.8463;88.8334;143.082
133;T2;-51.4534;26.6626;28.415;-33.6156;88.3603;142.741
134;T2;-51.4096;26.3306;28.9543;-34.3895;87.8831;142.404
135;T2;-51.3725;25.998;29.493;-35.1684;87.4018;142.072
136;T2;-51.3423;25.665;30.0309;-35.9523;86.9164;141.745
137;T2;-51.3191;25.3317;30.5679;-36.7415;86.427;141.423
138;T2;-51.303;24.998;31.1036;-37.5361;85.9337;141.105
139;T2;-51.2942;24.6642;31.638;-38.3363;85.4365;140.793
140;T2;-51.2929;24.3304;32.1709;-39.1423;84.9355;140.485
141;T2;-51.299;23.9965;32.7021;-39.9543;84.4307;140.183
142;T2;-51.3129;23.6628;33.2314;-40.7724;83.9221;139.885
143;T2;-51.3347;23.3292;33.7585;-41.5968;83.4099;139.591
144;T2;-51.3644;22.9961;34.2834;-42.4278;82.894;139.303
145;T2;-51.4022;22.6633;34.8058;-43.2656;82.3744;139.019
146;T2;-51.4483;22.3312;35.3256;-44.1102;81.8512;138.741
147;T2;-51.5029;21.9997;35.8424;-44.962;81.3244;138.467
148;T2;-51.566;21.669;36.3562;-45.821;80.794;138.197
149;T2;-51.6378;21.3392;36.8667;-46.6876;80.2601;137.933
150;T2;-51.7184;21.0104;37.3738;-47.5619;79.7226;137.673
151;T2;-51.8081;20.6828;37.8772;-48.444;79.1815;137.418
152;T2;-51.9069;20.3566;38.3766;-49.3342;78.6369;137.168
153;T2;-52.0149;20.0317;38.872;-50.2328;78.0887;136.923
154;T2;-52.1324;19.7085;39.363;-51.1398;77.537;136.682
155;T2;-52.2594;19.387;39.8495;-52.0554;76.9817;136.447
156;T2;-52.3961;19.0673;40.3312;-52.98;76.4228;136.216
157;T2;-52.5426;18.7497;40.8079;-53.9136;75.8603;135.991
158;T2;-52.699;18.4343;41.2794;-54.8565;75.2942;135.77
159;T2;-52.8654;18.1213;41.7455;-55.8088;74.7244;135.555
160;T2;-53.042;17.8107;42.2058;-56.7708;74.1511;135.345
161;T2;-53.2289;17.5029;42.6602;-57.7426;73.574;135.14
162;T2;-53.4261;17.198;43.1084;-58.7245;72.9933;134.94
163;T2;-53.6337;16.8962;43.5501;-59.7166;72.4088;134.746
164;T2;-53.8519;16.5976;43.9852;-60.7191;71.8206;134.558
165;T2;-54.0807;16.3024;44.4133;-61.7323;71.2287;134.375
166;T2;-54.3201;16.011;44.8343;-62.7562;70.633;134.198
167;T2;-54.5703;15.7233;45.2477;-63.7911;70.0335;134.027
168;T2;-54.8312;15.4398;45.6534;-64.8372;69.4303;133.863
169;T2;-55.1028;15.1606;46.0511;-65.8946;68.8232;133.704
170;T2;-55.3853;14.8859;46.4405;-66.9635;68.2123;133.552
171;T2;-55.6785;14.6159;46.8213;-68.0441;67.5976;133.407
172;T2;-55.9824;14.3509;47.1933;-69.1365;66.9792;133.269
173;T2;-56.2971;14.0911;47.5562;-70.241;66.3569;133.137
174;T2;-56.6223;13.8368;47.9096;-71.3576;65.7309;133.014
175;T2;-56.9582;13.5881;48.2533;-72.4865;65.1012;132.898
176;T2;-57.3045;13.3454;48.5871;-73.628;64.4679;132.79
177;T2;-57.6611;13.1089;48.9105;-74.782;63.8309;132.69
178;T2;-58.0278;12.8789;49.2234;-75.9487;63.1904;132.598
179;T2;-58.4045;12.6555;49.5254;-77.1283;62.5465;132.516
180;T2;-58.791;12.439;49.8162;-78.321;61.8992;132.443
181;T2;-59.1871;12.2298;50.0956;-79.5267;61.2486;132.379
182;T2;-59.5924;12.028;50.3633;-80.7456;60.595;132.326
183;T2;-60.0067;11.8338;50.619;-81.9778;59.9385;132.283
184;T2;-60.4296;11.6476;50.8625;-83.2234;59.2791;132.25
185;T2;-60.8608;11.4696;51.0933;-84.4824;58.6172;132.229
186;T2;-61.3;11.3;51.3114;-85.755;57.9529;132.22
187;T2;-61.7466;11.139;51.5164;-87.0411;57.2865;132.222
188;T2;-62.2003;10.9869;51.7081;-88.3408;56.6182;132.237
189;T2;-62.6605;10.8438;51.8863;-89.6541;55.9483;132.265
190;T2;-63.1268;10.71;52.0508;-90.9811;55.277;132.307
191;T2;-63.5986;10.5856;52.2012;-92.3218;54.6047;132.363
192;T2;-64.0753;10.4709;52.3376;-93.6761;53.9317;132.433
193;T2;-64.5563;10.3659;52.4596;-95.0441;53.2584;132.518
194;T2;-65.0411;10.2709;52.5671;-96.4256;52.5851;132.618
195;T2;-65.5288;10.1859;52.66;-97.8207;51.9122;132.735
196;T2;-66.019;10.1111;52.7382;-99.2293;51.2402;132.868
197;T2;-66.5109;10.0465;52.8016;-100.651;50.5694;133.018
198;T2;-67.0038;9.99225;52.8501;-102.087;49.9003;133.185
199;T2;-67.4969;9.94838;52.8836;-103.535;49.2334;133.37
200;T2;-67.9895;9.9149;52.9022;-104.997;48.5691;133.574
201;T2;-68.4809;9.89184;52.9059;-106.472;47.9078;133.797
202;T2;-68.9703;9.87916;52.8946;-107.96;47.2501;134.039
203;T2;-69.4569;9.87684;52.8684;-109.461;46.5965;134.301
204;T2;-69.9401;9.8848;52.8275;-110.974;45.9474;134.583
205;T2;-70.4191;9.90296;52.772;-112.5;45.3033;134.886
206;T2;-70.8931;9.93122;52.702;-114.039;44.6648;135.21
207;T2;-71.3614;9.96944;52.6176;-115.589;44.0324;135.556
208;T2;-71.8232;10.0175;52.5192;-117.153;43.4064;135.923
209;T2;-72.2781;10.0751;52.4069;-118.728;42.7876;136.313
210;T2;-72.7251;10.1422;52.281;-120.315;42.1763;136.726
211;T2;-73.1637;10.2186;52.1418;-121.914;41.5731;137.161
212;T2;-73.5933;10.3039;51.9897;-123.525;40.9784;137.62
213;T2;-74.0133;10.398;51.825;-125.148;40.3927;138.102
214;T2;-74.4232;10.5005;51.648;-126.782;39.8166;138.609
215;T2;-74.8224;10.6112;51.4593;-128.428;39.2505;139.139
216;T2;-75.2104;10.7298;51.2593;-130.085;38.6949;139.694
217;T2;-75.5868;10.856;51.0484;-131.753;38.1502;140.273
218;T2;-75.9513;10.9894;50.8271;-133.433;37.617;140.877
219;T2;-76.3035;11.1298;50.5959;-135.124;37.0957;141.506
220;T2;-76.6429;11.2767;50.3555;-136.827;36.5869;142.159
221;T2;-76.9695;11.4298;50.1063;-138.54;36.0909;142.838
222;T2;-77.283;11.5888;49.849;-140.265;35.6082;143.542
223;T2;-77.5831;11.7533;49.5841;-142;35.1393;144.27
224;T2;-77.8699;11.9229;49.3123;-143.746;34.6847;145.024
225;T2;-78.1431;12.0973;49.0342;-145.504;34.2449;145.802
226;T2;-78.4029;12.2761;48.7506;-147.272;33.8203;146.604
227;T2;-78.6491;12.4589;48.4619;-149.05;33.4114;147.432
228;T2;-78.882;12.6453;48.169;-150.839;33.0186;148.283
229;T2;-79.1015;12.8351;47.8726;-152.638;32.6425;149.157
230;T2;-79.308;13.0277;47.5732;-154.447;32.2836;150.055
231;T2;-79.5015;13.2229;47.2716;-156.266;31.9422;150.975
232;T2;-79.6825;13.4204;46.9685;-158.093;31.6188;151.916
233;T2;-79.8513;13.6197;46.6645;-159.93;31.3139;152.879
234;T2;-80.0081;13.8206;46.3603;-161.775;31.028;153.862
235;T2;-80.1535;14.0227;46.0567;-163.628;30.7614;154.864
236;T2;-80.2878;14.2258;45.754;-165.488;30.5146;155.884
237;T2;-80.4117;14.4295;45.4531;-167.355;30.2879;156.92
238;T2;-80.5257;14.6337;45.1544;-169.228;30.0817;157.972
239;T2;-80.6303;14.838;44.8585;-171.105;29.8964;159.038
240;T2;-80.7261;15.0422;44.5658;-172.986;29.7321;160.116
241;T2;-80.8139;15.2462;44.2767;-174.87;29.5892;161.205
242;T2;-80.8943;15.4496;43.9918;-176.757;29.4679;162.304
243;T2;-80.9679;15.6525;43.7112;-178.644;29.3683;163.409
244;T2;-81.0355;15.8546;43.4352;179.47;29.2906;164.52
245;T2;-81.0976;16.0559;43.1641;177.585;29.2347;165.634
246;T2;-81.1552;16.2562;42.898;175.703;29.2007;166.75
247;T2;-81.2087;16.4554;42.637;173.825;29.1885;167.865
248;T2;-81.2589;16.6537;42.3809;171.953;29.198;168.978
249;T2;-81.3064;16.8508;42.13;170.087;29.229;170.087
250;T2;-81.3518;17.0469;41.8839;168.229;29.2814;171.189
251;T2;-81.3957;17.242;41.6425;166.38;29.3547;172.284
252;T2;-81.4387;17.4361;41.4057;164.542;29.4487;173.369
253;T2;-81.4811;17.6293;41.1731;162.716;29.563;174.443
254;T2;-81.5235;17.8216;40.9444;160.902;29.6971;175.504
255;T2;-81.5662;18.0132;40.7193;159.102;29.8507;176.551
256;T2;-81.6096;18.2041;40.4975;157.317;30.0231;177.582
257;T2;-81.6541;18.3945;40.2785;155.547;30.2139;178.597
258;T2;-81.6998;18.5845;40.0619;153.794;30.4225;179.593
259;T2;-81.7469;18.7741;39.8473;152.058;30.6484;180.571
260;T2;-81.7957;18.9636;39.6343;150.339;30.8909;181.528
261;T2;-81.8462;19.153;39.4224;148.64;31.1495;182.466
262;T2;-81.8984;19.3425;39.2112;146.958;31.4236;183.382
263;T2;-81.9525;19.5322;39.0002;145.297;31.7126;184.277
264;T2;-82.0084;19.7222;38.7892;143.655;32.0158;185.151
265;T2;-82.0661;19.9127;38.5775;142.032;32.3327;186.002
266;T2;-82.1255;20.1037;38.365;140.43;32.6627;186.831
267;T2;-82.1864;20.2953;38.1512;138.848;33.0053;187.637
268;T2;-82.2489;20.4877;37.9358;137.287;33.3598;188.421
269;T2;-82.3128;20.681;37.7184;135.746;33.7258;189.183
270;T2;-82.3778;20.8751;37.4988;134.225;34.1027;189.922
271;T2;-82.4439;21.0703;37.2767;132.724;34.49;190.64
272;T2;-82.5108;21.2666;37.0518;131.244;34.8872;191.336
273;T2;-82.5785;21.464;36.8239;129.784;35.2938;192.01
274;T2;-82.6466;21.6626;36.5928;128.344;35.7095;192.663
275;T2;-82.7149;21.8624;36.3583;126.924;36.1337;193.295
276;T2;-82.7834;22.0635;36.1202;125.523;36.5661;193.907
277;T2;-82.8518;22.266;35.8784;124.142;37.0062;194.498
278;T2;-82.9198;22.4698;35.6328;122.78;37.4536;195.07
279;T2;-82.9873;22.675;35.3832;121.436;37.9081;195.622
280;T2;-83.0542;22.8816;35.1295;120.112;38.3693;196.156
281;T2;-83.1201;23.0895;34.8718;118.806;38.8369;196.67
282;T2;-83.185;23.2989;34.6099;117.517;39.3104;197.167
283;T2;-83.2485;23.5097;34.3437;116.247;39.7898;197.646
284;T2;-83.3107;23.7218;34.0733;114.995;40.2746;198.108
285;T2;-83.3712;23.9354;33.7987;113.759;40.7646;198.553
286;T2;-83.43;24.1503;33.5197;112.541;41.2596;198.982
287;T2;-83.4868;24.3665;33.2365;111.339;41.7594;199.394
288;T2;-83.5416;24.5841;32.9491;110.154;42.2636;199.791
289;T2;-83.5942;24.803;32.6574;108.985;42.7721;200.173
290;T2;-83.6444;25.0232;32.3615;107.831;43.2848;200.54
291;T2;-83.6922;25.2446;32.0614;106.694;43.8013;200.893
292;T2;-83.7373;25.4673;31.7573;105.571;44.3216;201.231
293;T2;-83.7798;25.6911;31.449;104.464;44.8454;201.556
294;T2;-83.8195;25.916;31.1368;103.371;45.3726;201.867
295;T2;-83.8562;26.142;30.8207;102.293;45.903;202.165
296;T2;-83.89;26.3691;30.5007;101.229;46.4365;202.451
297;T2;-83.9207;26.5972;30.177;100.179;46.973;202.724
298;T2;-83.9483;26.8262;29.8496;99.1432;47.5123;202.985
299;T2;-83.9726;27.0562;29.5186;98.1204;48.0542;203.234
300;T2;-83.9936;27.287;29.184;97.1107;48.5987;203.472
301;T2;-84.0113;27.5186;28.8461;96.1141;49.1456;203.698
302;T2;-84.0257;27.751;28.5048;95.1301;49.6949;203.913
303;T2;-84.0365;27.984;28.1604;94.1586;50.2464;204.118
304;T2;-84.0439;28.2178;27.8128;93.1993;50.7999;204.312
305;T2;-84.0477;28.4521;27.4622;92.252;51.3555;204.495
306;T2;-84.048;28.687;27.1087;91.3164;51.913;204.669
307;T2;-84.0447;28.9224;26.7523;90.3924;52.4723;204.832
308;T2;-84.0378;29.1582;26.3934;89.4797;53.0333;204.986
309;T2;-84.0273;29.3945;26.0318;88.578;53.5959;205.131
310;T2;-84.0131;29.631;25.6677;87.6872;54.1601;205.266
311;T2;-83.9953;29.8678;25.3014;86.8071;54.7257;205.392
312;T2;-83.9738;30.1049;24.9328;85.9374;55.2927;205.509
313;T2;-83.9486;30.342;24.562;85.078;55.861;205.617
314;T2;-83.9198;30.5793;24.1893;84.2285;56.4305;205.717
315;T2;-83.8873;30.8167;23.8147;83.3889;57.0011;205.808
316;T2;-83.8511;31.054;23.4383;82.5589;57.5728;205.891
317;T2;-83.8113;31.2913;23.0602;81.7383;58.1454;205.965
318;T2;-83.7678;31.5284;22.6807;80.9269;58.7189;206.032
319;T2;-83.7206;31.7654;22.2997;80.1246;59.2932;206.09
320;T2;-83.6698;32.0021;21.9174;79.331;59.8683;206.141
321;T2;-83.6155;32.2385;21.534;78.5462;60.444;206.184
322;T2;-83.5575;32.4745;21.1496;77.7697;61.0203;206.219
323;T2;-83.4959;32.7102;20.7642;77.0015;61.5971;206.247
324;T2;-83.4308;32.9453;20.378;76.2414;62.1743;206.267
325;T2;-83.3621;33.18;19.9911;75.4891;62.7519;206.28
326;T2;-83.29;33.414;19.6037;74.7446;63.3297;206.286
327;T2;-83.2143;33.6474;19.2158;74.0076;63.9078;206.285
328;T2;-83.1352;33.8801;18.8276;73.2779;64.486;206.276
329;T2;-83.0527;34.1121;18.4392;72.5554;65.0642;206.261
330;T2;-82.9667;34.3432;18.0508;71.8399;65.6425;206.238
331;T2;-82.8774;34.5734;17.6625;71.1312;66.2206;206.209
332;T2;-82.7847;34.8027;17.2743;70.4291;66.7985;206.172
333;T2;-82.6887;35.031;16.8864;69.7335;67.3762;206.129
334;T2;-82.5894;35.2582;16.4989;69.0442;67.9535;206.08
335;T2;-82.4869;35.4844;16.1121;68.361;68.5304;206.023
336;T2;-82.3811;35.7093;15.7259;67.6838;69.1068;205.96
337;T2;-82.2722;35.933;15.3405;67.0123;69.6826;205.891
338;T2;-82.1601;36.1555;14.956;66.3465;70.2577;205.815
339;T2;-82.0449;36.3766;14.5726;65.6861;70.8321;205.732
340;T2;-81.9266;36.5962;14.1904;65.031;71.4056;205.643
341;T2;-81.8052;36.8144;13.8095;64.381;71.9782;205.548
342;T2;-81.6808;37.0311;13.43;63.7359;72.5498;205.446
343;T2;-81.5534;37.2462;13.0522;63.0957;73.1203;205.337
344;T2;-81.4231;37.4596;12.676;62.4601;73.6896;205.223
345;T2;-81.2899;37.6713;12.3016;61.829;74.2576;205.102
346;T2;-81.1538;37.8812;11.9292;61.2021;74.8243;204.975
347;T2;-81.0148;38.0893;11.5589;60.5795;75.3895;204.841
348;T2;-80.8731;38.2956;11.1907;59.9608;75.9531;204.701
349;T2;-80.7285;38.4998;10.825;59.346;76.5151;204.555
350;T2;-80.5813;38.702;10.4617;58.7348;77.0753;204.403
351;T2;-80.4313;38.9022;10.101;58.1272;77.6337;204.245
352;T2;-80.2786;39.1002;9.74298;57.5229;78.1902;204.08
353;T2;-80.1233;39.296;9.38788;56.9219;78.7446;203.909
354;T2;-79.9655;39.4896;9.03577;56.3239;79.2968;203.732
355;T2;-79.805;39.6808;8.6868;55.7288;79.8468;203.548
356;T2;-79.642;39.8696;8.34108;55.1365;80.3944;203.359
357;T2;-79.4765;40.056;7.99876;54.5468;80.9395;203.163
358;T2;-79.3086;40.2398;7.65997;53.9596;81.4821;202.961
359;T2;-79.1382;40.4211;7.32484;53.3746;82.022;202.753
360;T2;-78.9654;40.5997;6.99351;52.7918;82.5591;202.538
361;T2;-78.7903;40.7756;6.66612;52.2111;83.0933;202.317
362;T2;-78.6128;40.9487;6.34279;51.6322;83.6244;202.091
363;T2;-78.433;41.119;6.02366;51.055;84.1525;201.857
364;T2;-78.251;41.2864;5.70888;50.4794;84.6772;201.618
365;T2;-78.0667;41.4508;5.39857;49.9052;85.1986;201.373
366;T2;-77.8802;41.6122;5.09288;49.3324;85.7165;201.121
367;T2;-77.6915;41.7705;4.79194;48.7607;86.2307;200.863
368;T2;-77.5008;41.9256;4.49588;48.1899;86.7413;200.598
369;T2;-77.3079;42.0775;4.20486;47.6201;87.2479;200.328
370;T2;-77.1129;42.2261;3.91898;47.051;87.7506;200.051
371;T2;-76.9159;42.3713;3.63841;46.4825;88.2491;199.768
372;T2;-76.7168;42.5132;3.36328;45.9145;88.7433;199.479
373;T2;-76.5158;42.6515;3.09373;45.3468;89.2332;199.183
374;T2;-76.3129;42.7863;2.82988;44.7793;89.7186;198.881
375;T2;-76.108;42.9174;2.57189;44.2119;90.1993;198.573
376;T2;-75.9012;43.0449;2.31988;43.6444;90.6752;198.258
377;T2;-75.6926;43.1686;2.074;43.0768;91.1462;197.937
378;T2;-75.4821;43.2885;1.83438;42.5088;91.6121;197.61
379;T2;-75.2699;43.4046;1.60116;41.9405;92.0728;197.277
380;T2;-75.0558;43.5167;1.37447;41.3716;92.5281;196.937
381;T2;-74.8401;43.6248;1.15445;40.802;92.9779;196.591
382;T2;-74.6226;43.7288;0.941232;40.2317;93.4221;196.239
383;T2;-74.4035;43.8287;0.734957;39.6604;93.8606;195.88
384;T2;-74.1827;43.9244;0.53574;39.0882;94.2931;195.515
385;T2;-73.9603;44.0159;0.343728;38.5149;94.7195;195.144
386;T2;-73.7363;44.1031;0.159051;37.9404;95.1397;194.767
387;T2;-73.5107;44.1859;-0.0181658;37.3646;95.5535;194.383
388;T2;-73.2837;44.2643;-0.187796;36.7874;95.9608;193.994
389;T2;-73.0551;44.3382;-0.349714;36.2087;96.3614;193.598
390;T2;-72.8251;44.4076;-0.503788;35.6284;96.7552;193.196
391;T2;-72.5937;44.4724;-0.649901;35.0465;97.1421;192.788
392;T2;-72.3609;44.5326;-0.787929;34.4628;97.5218;192.374
393;T2;-72.1267;44.588;-0.917752;33.8773;97.8943;191.954
394;T2;-71.8912;44.6387;-1.03927;33.2899;98.2593;191.528
395;T2;-71.6545;44.6847;-1.15234;32.7005;98.6168;191.096
396;T2;-71.4164;44.7257;-1.25688;32.109;98.9666;190.658
397;T2;-71.1772;44.7619;-1.35276;31.5155;99.3085;190.215
398;T2;-70.9367;44.7931;-1.43988;30.9198;99.6424;189.765
399;T2;-70.6952;44.8194;-1.51815;30.322;99.9682;189.31
400;T2;-70.4525;44.8407;-1.58746;29.7218;100.286;188.85
401;T2;-70.2087;44.8568;-1.6477;29.1194;100.595;188.384
402;T2;-69.964;44.8679;-1.6988;28.5146;100.895;187.913
403;T2;-69.7182;44.8739;-1.74067;27.9075;101.187;187.436
404;T2;-69.4715;44.8747;-1.77322;27.2979;101.47;186.954
405;T2;-69.2239;44.8702;-1.79636;26.686;101.744;186.467
406;T2;-68.9754;44.8606;-1.81003;26.0716;102.009;185.975
407;T2;-68.7261;44.8457;-1.81416;25.4547;102.264;185.478
408;T2;-68.476;44.8255;-1.80867;24.8354;102.51;184.976
409;T2;-68.2252;44.8;-1.79351;24.2136;102.747;184.47
410;T2;-67.9737;44.7692;-1.76862;23.5894;102.974;183.959
411;T2;-67.7215;44.7331;-1.73394;22.9627;103.192;183.444
412;T2;-67.4688;44.6916;-1.68944;22.3336;103.4;182.924
413;T2;-67.2155;44.6447;-1.63507;21.7021;103.597;182.401
414;T2;-66.9618;44.5925;-1.5708;21.0681;103.785;181.873
415;T2;-66.7076;44.5349;-1.49659;20.4318;103.963;181.342
416;T2;-66.4531;44.4719;-1.41243;19.7932;104.13;180.807
417;T2;-66.1982;44.4035;-1.3183;19.1522;104.287;180.269
418;T2;-65.943;44.3297;-1.21418;18.509;104.434;179.727
419;T2;-65.6877;44.2506;-1.10008;17.8635;104.571;179.183
420;T2;-65.4322;44.1661;-0.975988;17.2158;104.697;178.636
421;T2;-65.1765;44.0762;-0.84191;16.5661;104.812;178.085
422;T2;-64.9209;43.9809;-0.697879;15.9142;104.917;177.533
423;T2;-64.6653;43.8804;-0.543902;15.2603;105.011;176.978
424;T2;-64.4097;43.7745;-0.38;14.6045;105.094;176.421
425;T2;-64.1544;43.6633;-0.206221;13.9467;105.167;175.862
426;T2;-63.8992;43.5469;-0.0225959;13.2871;105.229;175.301
427;T2;-63.6443;43.4252;0.170823;12.6257;105.28;174.739
428;T2;-63.3898;43.2983;0.373993;11.9627;105.32;174.176
429;T2;-63.1357;43.1662;0.586849;11.2979;105.35;173.611
430;T2;-62.8821;43.029;0.809328;10.6316;105.369;173.046
431;T2;-62.629;42.8867;1.04136;9.9638;105.377;172.48
432;T2;-62.3766;42.7393;1.28286;9.29453;105.374;171.914
433;T2;-62.1249;42.5869;1.53375;8.6239;105.36;171.347
434;T2;-61.8739;42.4295;1.79394;7.95195;105.336;170.78
435;T2;-61.6239;42.2672;2.06334;7.27876;105.301;170.214
436;T2;-61.3747;42.1;2.34185;6.60438;105.255;169.648
437;T2;-61.1265;41.9279;2.62936;5.92889;105.199;169.082
438;T2;-60.8794;41.7511;2.92575;5.25234;105.132;168.518
439;T2;-60.6335;41.5695;3.23092;4.57479;105.055;167.954
440;T2;-60.3888;41.3833;3.54475;3.8963;104.967;167.391
441;T2;-60.1454;41.1925;3.86709;3.21691;104.869;166.83
442;T2;-59.9033;40.9971;4.19785;2.53667;104.761;166.271
443;T2;-59.6628;40.7972;4.53685;1.85563;104.642;165.713
444;T2;-59.4238;40.5929;4.884;1.17384;104.514;165.157
445;T2;-59.1864;40.3842;5.23912;0.491324;104.375;164.604
446;T2;-58.9508;40.1713;5.60208;-0.191877;104.226;164.052
447;T2;-58.7169;39.9541;5.97273;-0.875739;104.068;163.504
448;T2;-58.4849;39.7327;6.35092;-1.56023;103.9;162.957
449;T2;-58.2549;39.5073;6.73648;-2.24534;103.722;162.414
450;T2;-58.0269;39.2778;7.12929;-2.93105;103.535;161.874
451;T2;-57.801;39.0444;7.52914;-3.61736;103.338;161.336
452;T2;-57.5773;38.8071;7.93591;-4.30424;103.132;160.802
453;T2;-57.356;38.566;8.3494;-4.99171;102.917;160.272
454;T2;-57.137;38.3212;8.76947;-5.67978;102.693;159.745
455;T2;-56.9205;38.0727;9.19594;-6.36844;102.461;159.221
456;T2;-56.7065;37.8206;9.62864;-7.05773;102.219;158.701
457;T2;-56.4952;37.565;10.0674;-7.74766;101.969;158.186
458;T2;-56.2866;37.3059;10.512;-8.43826;101.71;157.674
459;T2;-56.0808;37.0435;10.9624;-9.12956;101.443;157.166
460;T2;-55.8779;36.7778;11.4183;-9.8216;101.168;156.662
461;T2;-55.6781;36.5089;11.8796;-10.5144;100.884;156.163
462;T2;-55.4813;36.2369;12.346;-11.2081;100.593;155.668
463;T2;-55.2877;35.9618;12.8175;-11.9026;100.294;155.178
464;T2;-55.0974;35.6837;13.2938;-12.5981;99.9874;154.692
465;T2;-54.9104;35.4027;13.7747;-13.2946;99.6732;154.211
466;T2;-54.7269;35.1189;14.2602;-13.9922;99.3517;153.734
467;T2;-54.547;34.8323;14.7499;-14.691;99.0229;153.262
468;T2;-54.3706;34.543;15.2437;-15.3909;98.687;152.795
469;T2;-54.1981;34.2511;15.7415;-16.0923;98.3442;152.333
470;T2;-54.0294;33.9567;16.2431;-16.795;97.9946;151.875
471;T2;-53.8646;33.6598;16.7483;-17.4992;97.6383;151.423
472;T2;-53.7039;33.3606;17.2569;-18.205;97.2754;150.975
473;T2;-53.5473;33.059;17.7687;-18.9125;96.9061;150.532
474;T2;-53.395;32.7552;18.2836;-19.6219;96.5306;150.095
475;T2;-53.247;32.4493;18.8013;-20.3332;96.1489;149.662
476;T2;-53.1035;32.1413;19.3218;-21.0465;95.7612;149.235
477;T2;-52.9645;31.8313;19.8448;-21.762;95.3675;148.812
478;T2;-52.8302;31.5194;20.3702;-22.4797;94.9682;148.395
479;T2;-52.7007;31.2056;20.8977;-23.1999;94.5631;147.982
480;T2;-52.576;30.89;21.4273;-23.9226;94.1525;147.575
481;T2;-52.4564;30.5728;21.9587;-24.648;93.7365;147.173
482;T2;-52.3419;30.2539;22.4918;-25.3763;93.3152;146.776
483;T2;-52.2326;29.9335;23.0263;-26.1074;92.8887;146.383
484;T2;-52.1286;29.6117;23.5622;-26.8417;92.4572;145.996
485;T2;-52.0301;29.2884;24.0991;-27.5793;92.0206;145.615
486;T2;-51.9372;28.9639;24.6371;-28.3202;91.5792;145.238
487;T2;-51.85;28.6382;25.1758;-29.0647;91.1329;144.866
488;T2;-51.7686;28.3113;25.7152;-29.813;90.6821;144.499
489;T2;-51.6931;27.9833;26.255;-30.5651;90.2266;144.137
490;T2;-51.6238;27.6544;26.795;-31.3212;89.7666;143.781
491;T2;-51.5606;27.3245;27.3352;-32.0816;89.3021;143.429
492;T2;-51.5038;26.9939;27.8752;-32.8463;88.8334;143.082
493;T2;-51.4534;26.6626;28.415;-33.6156;88.3603;142.741
494;T2;-51.4096;26.3306;28.9543;-34.3895;87.8831;142.404
495;T2;-51.3725;25.998;29.493;-35.1684;87.4018;142.072
496;T2;-51.3423;25.665;30.0309;-35.9523;86.9164;141.745
497;T2;-51.3191;25.3317;30.5679;-36.7415;86.427;141.423
498;T2;-51.303;24.998;31.1036;-37.5361;85.9337;141.105
499;T2;-51.2942;24.6642;31.638;-38.3363;85.4365;140.793
500;T2;-51.2929;24.3304;32.1709;-39.1423;84.9355;140.485
501;T2;-51.299;23.9965;32.7021;-39.9543;84.4307;140.183
502;T2;-51.3129;23.6628;33.2314;-40.7724;83.9221;139.885
503;T2;-51.3347;23.3292;33.7585;-41.5968;83.4099;139.591
504;T2;-51.3644;22.9961;34.2834;-42.4278;82.894;139.303
505;T2;-51.4022;22.6633;34.8058;-43.2656;82.3744;139.019
506;T2;-51.4483;22.3312;35.3256;-44.1102;81.8512;138.741
507;T2;-51.5029;21.9997;35.8424;-44.962;81.3244;138.467
508;T2;-51.566;21.669;36.3562;-45.821;80.794;138.197
509;T2;-51.6378;21.3392;36.8667;-46.6876;80.2601;137.933
510;T2;-51.7184;21.0104;37.3738;-47.5619;79.7226;137.673
511;T2;-51.8081;20.6828;37.8772;-48.444;79.1815;137.418
512;T2;-51.9069;20.3566;38.3766;-49.3342;78.6369;137.168
513;T2;-52.0149;20.0317;38.872;-50.2328;78.0887;136.923
514;T2;-52.1324;19.7085;39.363;-51.1398;77.537;136.682
515;T2;-52.2594;19.387;39.8495;-52.0554;76.9817;136.447
516;T2;-52.3961;19.0673;40.3312;-52.98;76.4228;136.216
517;T2;-52.5426;18.7497;40.8079;-53.9136;75.8603;135.991
518;T2;-52.699;18.4343;41.2794;-54.8565;75.2942;135.77
519;T2;-52.8654;18.1213;41.7455;-55.8088;74.7244;135.555
520;T2;-53.042;17.8107;42.2058;-56.7708;74.1511;135.345
521;T2;-53.2289;17.5029;42.6602;-57.7426;73.574;135.14
522;T2;-53.4261;17.198;43.1084;-58.7245;72.9933;134.94
523;T2;-53.6337;16.8962;43.5501;-59.7166;72.4088;134.746
524;T2;-53.8519;16.5976;43.9852;-60.7191;71.8206;134.558
525;T2;-54.0807;16.3024;44.4133;-61.7323;71.2287;134.375
526;T2;-54.3201;16.011;44.8343;-62.7562;70.633;134.198
527;T2;-54.5703;15.7233;45.2477;-63.7911;70.0335;134.027
528;T2;-54.8312;15.4398;45.6534;-64.8372;69.4303;133.863
529;T2;-55.1028;15.1606;46.0511;-65.8946;68.8232;133.704
530;T2;-55.3853;14.8859;46.4405;-66.9635;68.2123;133.552
531;T2;-55.6785;14.6159;46.8213;-68.0441;67.5976;133.407
532;T2;-55.9824;14.3509;47.1933;-69.1365;66.9792;133.269
533;T2;-56.2971;14.0911;47.5562;-70.241;66.3569;133.137
534;T2;-56.6223;13.8368;47.9096;-71.3576;65.7309;133.014
535;T2;-56.9582;13.5881;48.2533;-72.4865;65.1012;132.898
536;T2;-57.3045;13.3454;48.5871;-73.628;64.4679;132.79
537;T2;-57.6611;13.1089;48.9105;-74.782;63.8309;132.69
538;T2;-58.0278;12.8789;49.2234;-75.9487;63.1904;132.598
539;T2;-58.4045;12.6555;49.5254;-77.1283;62.5465;132.516
540;T2;-58.791;12.439;49.8162;-78.321;61.8992;132.443
541;T2;-59.1871;12.2298;50.0956;-79.5267;61.2486;132.379
542;T2;-59.5924;12.028;50.3633;-80.7456;60.595;132.326
543;T2;-60.0067;11.8338;50.619;-81.9778;59.9385;132.283
544;T2;-60.4296;11.6476;50.8625;-83.2234;59.2791;132.25
545;T2;-60.8608;11.4696;51.0933;-84.4824;58.6172;132.229
546;T2;-61.3;11.3;51.3114;-85.755;57.9529;132.22
547;T2;-61.7466;11.139;51.5164;-87.0411;57.2865;132.222
548;T2;-62.2003;10.9869;51.7081;-88.3408;56.6182;132.237
549;T2;-62.6605;10.8438;51.8863;-89.6541;55.9483;132.265
550;T2;-63.1268;10.71;52.0508;-90.9811;55.277;132.307
551;T2;-63.5986;10.5856;52.2012;-92.3218;54.6047;132.363
552;T2;-64.0753;10.4709;52.3376;-93.6761;53.9317;132.433
553;T2;-64.5563;10.3659;52.4596;-95.0441;53.2584;132.518
554;T2;-65.0411;10.2709;52.5671;-96.4256;52.5851;132.618
555;T2;-65.5288;10.1859;52.66;-97.8207;51.9122;132.735
556;T2;-66.019;10.1111;52.7382;-99.2293;51.2402;132.868
557;T2;-66.5109;10.0465;52.8016;-100.651;50.5694;133.018
558;T2;-67.0038;9.99225;52.8501;-102.087;49.9003;133.185
559;T2;-67.4969;9.94838;52.8836;-103.535;49.2334;133.37
560;T2;-67.9895;9.9149;52.9022;-104.997;48.5691;133.574
561;T2;-68.4809;9.89184;52.9059;-106.472;47.9078;133.797
562;T2;-68.9703;9.87916;52.8946;-107.96;47.2501;134.039
563;T2;-69.4569;9.87684;52.8684;-109.461;46.5965;134.301
564;T2;-69.9401;9.8848;52.8275;-110.974;45.9474;134.583
565;T2;-70.4191;9.90296;52.772;-112.5;45.3033;134.886
566;T2;-70.8931;9.93122;52.702;-114.039;44.6648;135.21
567;T2;-71.3614;9.96944;52.6176;-115.589;44.0324;135.556
568;T2;-71.8232;10.0175;52.5192;-117.153;43.4064;135.923
569;T2;-72.2781;10.0751;52.4069;-118.728;42.7876;136.313
570;T2;-72.7251;10.1422;52.281;-120.315;42.1763;136.726
571;T2;-73.1637;10.2186;52.1418;-121.914;41.5731;137.161
572;T2;-73.5933;10.3039;51.9897;-123.525;40.9784;137.62
573;T2;-74.0133;10.398;51.825;-125.148;40.3927;138.102
574;T2;-74.4232;10.5005;51.648;-126.782;39.8166;138.609
575;T2;-74.8224;10.6112;51.4593;-128.428;39.2505;139.139
576;T2;-75.2104;10.7298;51.2593;-130.085;38.6949;139.694
577;T2;-75.5868;10.856;51.0484;-131.753;38.1502;140.273
578;T2;-75.9513;10.9894;50.8271;-133.433;37.617;140.877
579;T2;-76.3035;11.1298;50.5959;-135.124;37.0957;141.506
580;T2;-76.6429;11.2767;50.3555;-136.827;36.5869;142.159
581;T2;-76.9695;11.4298;50.1063;-138.54;36.0909;142.838
582;T2;-77.283;11.5888;49.849;-140.265;35.6082;143.542
583;T2;-77.5831;11.7533;49.5841;-142;35.1393;144.27
584;T2;-77.8699;11.9229;49.3123;-143.746;34.6847;145.024
585;T2;-78.1431;12.0973;49.0342;-145.504;34.2449;145.802
586;T2;-78.4029;12.2761;48.7506;-147.272;33.8203;146.604
587;T2;-78.6491;12.4589;48.4619;-149.05;33.4114;147.432
588;T2;-78.882;12.6453;48.169;-150.839;33.0186;148.283
589;T2;-79.1015;12.8351;47.8726;-152.638;32.6425;149.157
590;T2;-79.308;13.0277;47.5732;-154.447;32.2836;150.055
591;T2;-79.5015;13.2229;47.2716;-156.266;31.9422;150.975
592;T2;-79.6825;13.4204;46.9685;-158.093;31.6188;151.916
593;T2;-79.8513;13.6197;46.6645;-159.93;31.3139;152.879
594;T2;-80.0081;13.8206;46.3603;-161.775;31.028;153.862
595;T2;-80.1535;14.0227;46.0567;-163.628;30.7614;154.864
596;T2;-80.2878;14.2258;45.754;-165.488;30.5146;155.884
597;T2;-80.4117;14.4295;45.4531;-167.355;30.2879;156.92
598;T2;-80.5257;14.6337;45.1544;-169.228;30.0817;157.972
599;T2;-80.6303;14.838;44.8585;-171.105;29.8964;159.038
600;T2;-80.7261;15.0422;44.5658;-172.986;29.7321;160.116
601;T2;-80.8139;15.2462;44.2767;-174.87;29.5892;161.205
602;T2;-80.8943;15.4496;43.9918;-176.757;29.4679;162.304
603;T2;-80.9679;15.6525;43.7112;-178.644;29.3683;163.409
604;T2;-81.0355;15.8546;43.4352;179.47;29.2906;164.52
605;T2;-81.0976;16.0559;43.1641;177.585;29.2347;165.634
606;T2;-81.1552;16.2562;42.898;175.703;29.2007;166.75
607;T2;-81.2087;16.4554;42.637;173.825;29.1885;167.865
608;T2;-81.2589;16.6537;42.3809;171.953;29.198;168.978
609;T2;-81.3064;16.8508;42.13;170.087;29.229;170.087
610;T2;-81.3518;17.0469;41.8839;168.229;29.2814;171.189
611;T2;-81.3957;17.242;41.6425;166.38;29.3547;172.284
612;T2;-81.4387;17.4361;41.4057;164.542;29.4487;173.369
613;T2;-81.4811;17.6293;41.1731;162.716;29.563;174.443
614;T2;-81.5235;17.8216;40.9444;160.902;29.6971;175.504
615;T2;-81.5662;18.0132;40.7193;159.102;29.8507;176.551
616;T2;-81.6096;18.2041;40.4975;157.317;30.0231;177.582
617;T2;-81.6541;18.3945;40.2785;155.547;30.2139;178.597
618;T2;-81.6998;18.5845;40.0619;153.794;30.4225;179.593
619;T2;-81.7469;18.7741;39.8473;152.058;30.6484;180.571
620;T2;-81.7957;18.9636;39.6343;150.339;30.8909;181.528
621;T2;-81.8462;19.153;39.4224;148.64;31.1495;182.466
622;T2;-81.8984;19.3425;39.2112;146.958;31.4236;183.382
623;T2;-81.9525;19.5322;39.0002;145.297;31.7126;184.277
624;T2;-82.0084;19.7222;38.7892;143.655;32.0158;185.151
625;T2;-82.0661;19.9127;38.5775;142.032;32.3327;186.002
626;T2;-82.1255;20.1037;38.365;140.43;32.6627;186.831
627;T2;-82.1864;20.2953;38.1512;138.848;33.0053;187.637
628;T2;-82.2489;20.4877;37.9358;137.287;33.3598;188.421
629;T2;-82.3128;20.681;37.7184;135.746;33.7258;189.183
630;T2;-82.3778;20.8751;37.4988;134.225;34.1027;189.922
631;T2;-82.4439;21.0703;37.2767;132.724;34.49;190.64
632;T2;-82.5108;21.2666;37.0518;131.244;34.8872;191.336
633;T2;-82.5785;21.464;36.8239;129.784;35.2938;192.01
634;T2;-82.6466;21.6626;36.5928;128.344;35.7095;192.663
635;T2;-82.7149;21.8624;36.3583;126.924;36.1337;193.295
636;T2;-82.7834;22.0635;36.1202;125.523;36.5661;193.907
637;T2;-82.8518;22.266;35.8784;124.142;37.0062;194.498
638;T2;-82.9198;22.4698;35.6328;122.78;37.4536;195.07
639;T2;-82.9873;22.675;35.3832;121.436;37.9081;195.622
640;T2;-83.0542;22.8816;35.1295;120.112;38.3693;196.156
641;T2;-83.1201;23.0895;34.8718;118.806;38.8369;196.67
642;T2;-83.185;23.2989;34.6099;117.517;39.3104;197.167
643;T2;-83.2485;23.5097;34.3437;116.247;39.7898;197.646
644;T2;-83.3107;23.7218;34.0733;114.995;40.2746;198.108
645;T2;-83.3712;23.9354;33.7987;113.759;40.7646;198.553
646;T2;-83.43;24.1503;33.5197;112.541;41.2596;198.982
647;T2;-83.4868;24.3665;33.2365;111.339;41.7594;199.394
648;T2;-83.5416;24.5841;32.9491;110.154;42.2636;199.791
649;T2;-83.5942;24.803;32.6574;108.985;42.7721;200.173
650;T2;-83.6444;25.0232;32.3615;107.831;43.2848;200.54
651;T2;-83.6922;25.2446;32.0614;106.694;43.8013;200.893
652;T2;-83.7373;25.4673;31.7573;105.571;44.3216;201.231
653;T2;-83.7798;25.6911;31.449;104.464;44.8454;201.556
654;T2;-83.8195;25.916;31.1368;103.371;45.3726;201.867
655;T2;-83.8562;26.142;30.8207;102.293;45.903;202.165
656;T2;-83.89;26.3691;30.5007;101.229;46.4365;202.451
657;T2;-83.9207;26.5972;30.177;100.179;46.973;202.724
658;T2;-83.9483;26.8262;29.8496;99.1432;47.5123;202.985
659;T2;-83.9726;27.0562;29.5186;98.1204;48.0542;203.234
660;T2;-83.9936;27.287;29.184;97.1107;48.5987;203.472
661;T2;-84.0113;27.5186;28.8461;96.1141;49.1456;203.698
662;T2;-84.0257;27.751;28.5048;95.1301;49.6949;203.913
663;T2;-84.0365;27.984;28.1604;94.1586;50.2464;204.118
664;T2;-84.0439;28.2178;27.8128;93.1993;50.7999;204.312
665;T2;-84.0477;28.4521;27.4622;92.252;51.3555;204.495
666;T2;-84.048;28.687;27.1087;91.3164;51.913;204.669
667;T2;-84.0447;28.9224;26.7523;90.3924;52.4723;204.832
668;T2;-84.0378;29.1582;26.3934;89.4797;53.0333;204.986
669;T2;-84.0273;29.3945;26.0318;88.578;53.5959;205.131
670;T2;-84.0131;29.631;25.6677;87.6872;54.1601;205.266
671;T2;-83.9953;29.8678;25.3014;86.8071;54.7257;205.392
672;T2;-83.9738;30.1049;24.9328;85.9374;55.2927;205.509
673;T2;-83.9486;30.342;24.562;85.078;55.861;205.617
674;T2;-83.9198;30.5793;24.1893;84.2285;56.4305;205.717
675;T2;-83.8873;30.8167;23.8147;83.3889;57.0011;205.808
676;T2;-83.8511;31.054;23.4383;82.5589;57.5728;205.891
677;T2;-83.8113;31.2913;23.0602;81.7383;58.1454;205.965
678;T2;-83.7678;31.5284;22.6807;80.9269;58.7189;206.032
679;T2;-83.7206;31.7654;22.2997;80.1246;59.2932;206.09
680;T2;-83.6698;32.0021;21.9174;79.331;59.8683;206.141
681;T2;-83.6155;32.2385;21.534;78.5462;60.444;206.184
682;T2;-83.5575;32.4745;21.1496;77.7697;61.0203;206.219
683;T2;-83.4959;32.7102;20.7642;77.0015;61.5971;206.247
684;T2;-83.4308;32.9453;20.378;76.2414;62.1743;206.267
685;T2;-83.3621;33.18;19.9911;75.4891;62.7519;206.28
686;T2;-83.29;33.414;19.6037;74.7446;63.3297;206.286
687;T2;-83.2143;33.6474;19.2158;74.0076;63.9078;206.285
688;T2;-83.1352;33.8801;18.8276;73.2779;64.486;206.276
689;T2;-83.0527;34.1121;18.4392;72.5554;65.0642;206.261
690;T2;-82.9667;34.3432;18.0508;71.8399;65.6425;206.238
691;T2;-82.8774;34.5734;17.6625;71.1312;66.2206;206.209
692;T2;-82.7847;34.8027;17.2743;70.4291;66.7985;206.172
693;T2;-82.6887;35.031;16.8864;69.7335;67.3762;206.129
694;T2;-82.5894;35.2582;16.4989;69.0442;67.9535;206.08
695;T2;-82.4869;35.4844;16.1121;68.361;68.5304;206.023
696;T2;-82.3811;35.7093;15.7259;67.6838;69.1068;205.96
697;T2;-82.2722;35.933;15.3405;67.0123;69.6826;205.891
698;T2;-82.1601;36.1555;14.956;66.3465;70.2577;205.815
699;T2;-82.0449;36.3766;14.5726;65.6861;70.8321;205.732
700;T2;-81.9266;36.5962;14.1904;65.031;71.4056;205.643
701;T2;-81.8052;36.8144;13.8095;64.381;71.9782;205.548
702;T2;-81.6808;37.0311;13.43;63.7359;72.5498;205.446
703;T2;-81.5534;37.2462;13.0522;63.0957;73.1203;205.337
704;T2;-81.4231;37.4596;12.676;62.4601;73.6896;205.223
705;T2;-81.2899;37.6713;12.3016;61.829;74.2576;205.102
706;T2;-81.1538;37.8812;11.9292;61.2021;74.8243;204.975
707;T2;-81.0148;38.0893;11.5589;60.5795;75.3895;204.841
708;T2;-80.8731;38.2956;11.1907;59.9608;75.9531;204.701
709;T2;-80.7285;38.4998;10.825;59.346;76.5151;204.555
710;T2;-80.5813;38.702;10.4617;58.7348;77.0753;204.403
711;T2;-80.4313;38.9022;10.101;58.1272;77.6337;204.245
712;T2;-80.2786;39.1002;9.74298;57.5229;78.1902;204.08
713;T2;-80.1233;39.296;9.38788;56.9219;78.7446;203.909
714;T2;-79.9655;39.4896;9.03577;56.3239;79.2968;203.732
715;T2;-79.805;39.6808;8.6868;55.7288;79.8468;203.548
716;T2;-79.642;39.8696;8.34108;55.1365;80.3944;203.359
717;T2;-79.4765;40.056;7.99876;54.5468;80.9395;203.163
718;T2;-79.3086;40.2398;7.65997;53.9596;81.4821;202.961
719;T2;-79.1382;40.4211;7.32484;53.3746;82.022;202.753
720;T2;-78.9654;40.5997;6.99351;52.7918;82.5591;202.538
